# 3ds Max Wavefront OBJ Exporter v0.99 - (c)2007 guruware
# File Created: 21.07.2026 03:02:37

mtllib Dragon&Knight_Rigged&TexturesS.mtl

#
# object Dragon_PC
#

v  5.8700 14.7548 -14.8769
v  5.8700 16.3066 -6.2771
v  -5.7228 16.3066 -6.2771
v  -5.7228 14.7548 -14.8769
v  -5.7228 26.3520 -8.0483
v  5.8700 26.3520 -8.0483
v  5.8700 24.8000 -16.6482
v  -5.7228 24.8000 -16.6482
v  -4.6644 27.8434 -16.2704
v  -2.2049 28.3738 -15.3642
v  -6.2019 33.7473 -10.3522
v  -8.6614 33.2172 -11.2585
v  -4.4543 29.6456 -17.8952
v  -8.4512 35.0191 -12.8831
v  -5.9917 35.5493 -11.9768
v  -1.9947 30.1757 -16.9889
v  4.6644 27.8434 -16.2704
v  8.6614 33.2172 -11.2585
v  6.2019 33.7473 -10.3522
v  2.2050 28.3738 -15.3642
v  4.4543 29.6456 -17.8952
v  1.9947 30.1757 -16.9889
v  5.9917 35.5493 -11.9768
v  8.4512 35.0191 -12.8831
v  0.0000 21.1050 -21.0448
v  0.0000 22.5184 -13.0288
v  -3.3567 22.5184 -13.0288
v  -3.3567 21.1050 -21.0448
v  0.0000 31.0594 -14.5349
v  0.0000 29.6460 -22.5509
v  -3.3567 29.6460 -22.5507
v  -3.3567 31.0594 -14.5349
v  -4.6367 22.5184 -13.0288
v  -4.6367 28.0996 -14.0129
v  -4.6367 26.6862 -22.0289
v  -4.6367 21.1050 -21.0448
v  0.0000 28.0996 -14.0129
v  -3.3567 28.0996 -14.0129
v  4.6367 21.1050 -21.0448
v  4.6367 26.6862 -22.0289
v  4.6367 28.0996 -14.0129
v  4.6367 22.5184 -13.0288
v  0.0000 20.1426 -26.5024
v  0.0000 25.7238 -27.4865
v  3.3567 25.7238 -27.4865
v  3.3567 20.1426 -26.5024
v  -4.6367 31.0594 -14.5349
v  -4.6367 29.6460 -22.5509
v  3.3567 28.0996 -14.0129
v  3.3567 31.0594 -14.5349
v  4.6367 29.6460 -22.5509
v  4.6367 31.0594 -14.5349
v  0.0000 26.6862 -22.0289
v  -3.3567 26.6862 -22.0289
v  3.3567 22.5184 -13.0288
v  3.3567 21.1050 -21.0448
v  3.3567 29.6460 -22.5507
v  -3.3567 20.1426 -26.5024
v  -3.3567 25.7238 -27.4865
v  3.3567 26.6862 -22.0289
v  1.8532 14.9950 -10.9213
v  1.6990 15.8222 -0.3550
v  -1.5518 15.8222 -0.3550
v  -1.7061 14.9950 -10.9213
v  1.6990 29.1721 -1.3289
v  1.8532 28.3448 -11.8952
v  -1.7061 28.3448 -11.8952
v  -1.5518 29.1721 -1.3289
v  -6.9565 15.8222 -0.3550
v  -6.9565 28.1594 -1.2712
v  -6.9565 27.3322 -11.8376
v  -6.9565 14.9950 -10.9213
v  1.6990 28.1594 -1.2712
v  -1.5518 28.1594 -1.2712
v  7.1037 14.9950 -10.9213
v  7.1037 27.3322 -11.8376
v  7.1037 28.1594 -1.2713
v  7.1037 15.8222 -0.3550
v  -1.7061 27.3322 -11.8376
v  1.8532 27.3322 -11.8376
v  1.3207 16.7755 -2.7179
v  1.2278 15.7523 7.4391
v  -1.0808 15.7523 7.4391
v  -1.1737 16.7755 -2.7179
v  1.2278 27.0102 8.5732
v  1.3207 28.0335 -1.5839
v  -1.1737 28.0335 -1.5839
v  -1.0808 27.0102 8.5732
v  -5.0306 15.7523 7.4391
v  -5.0306 26.2193 8.4935
v  -5.0306 27.2425 -1.6634
v  -5.0306 16.7755 -2.7179
v  1.2278 26.2193 8.4935
v  -1.0808 26.2193 8.4935
v  5.1778 16.7755 -2.7179
v  5.1778 27.2425 -1.6634
v  5.1778 26.2193 8.4936
v  5.1778 15.7523 7.4391
v  -1.1737 27.2425 -1.6634
v  1.3207 27.2425 -1.6634
v  0.9787 17.1708 6.3753
v  0.8419 15.7376 13.9219
v  -0.6947 15.7376 13.9219
v  -0.8316 17.1708 6.3753
v  0.8419 24.5576 15.5435
v  0.9787 25.9907 7.9968
v  -0.8316 25.9907 7.9968
v  -0.6947 24.5576 15.5435
v  -3.7673 15.7376 13.9220
v  -3.7673 23.9586 15.4832
v  -3.7673 25.3918 7.9365
v  -3.7673 17.1708 6.3753
v  0.8419 23.9586 15.4832
v  -0.6947 23.9586 15.4832
v  3.9143 17.1708 6.3753
v  3.9143 25.3918 7.9365
v  3.9143 23.9586 15.4832
v  3.9143 15.7376 13.9219
v  -0.8316 25.3918 7.9365
v  0.9787 25.3918 7.9365
v  2.6424 18.0269 13.3531
v  2.6424 16.6601 20.5506
v  -2.3199 16.6601 20.5506
v  -2.3199 18.0269 13.3531
v  -2.3199 21.3295 21.4372
v  2.6424 21.3295 21.4372
v  2.6424 22.6963 14.2398
v  -2.3199 22.6963 14.2398
v  2.2916 16.9902 20.6133
v  2.2916 15.8638 26.5451
v  -1.9692 15.8638 26.5451
v  -1.9691 16.9902 20.6133
v  -1.9692 19.8729 27.3065
v  2.2916 19.8729 27.3065
v  2.2916 20.9993 21.3745
v  -1.9691 20.9993 21.3745
v  1.8504 16.2789 26.6239
v  1.8504 15.2876 31.8440
v  -1.5278 15.2876 31.8440
v  -1.5278 16.2789 26.6239
v  -1.5278 18.4663 32.4476
v  1.8504 18.4663 32.4476
v  1.8504 19.4576 27.2276
v  -1.5278 19.4576 27.2276
v  1.5880 15.5344 31.8908
v  1.5880 14.5766 36.9349
v  -1.2656 14.5766 36.9349
v  -1.2656 15.5344 31.8908
v  -1.2656 17.2616 37.4448
v  1.5880 17.2616 37.4448
v  1.5880 18.2194 32.4008
v  -1.2656 18.2194 32.4008
v  1.3012 14.8465 36.9859
v  1.3012 14.0169 41.3543
v  -0.9788 14.0169 41.3543
v  -0.9788 14.8465 36.9859
v  -0.9788 16.1623 41.7618
v  1.3012 16.1623 41.7618
v  1.3012 16.9919 37.3934
v  -0.9788 16.9919 37.3934
v  1.0515 14.2516 41.4002
v  1.0515 13.5009 45.3532
v  -0.7290 13.5009 45.3532
v  -0.7290 14.2516 41.4002
v  -0.7290 15.1763 45.6714
v  1.0515 15.1763 45.6714
v  1.0515 15.9270 41.7184
v  -0.7290 15.9270 41.7184
v  0.7493 13.7853 45.4071
v  0.7493 13.1846 48.5696
v  -0.4269 13.1846 48.5696
v  -0.4269 13.7853 45.4071
v  -0.4269 14.2914 48.7797
v  0.7493 14.2914 48.7797
v  0.7493 14.8920 45.6174
v  -0.4269 14.8920 45.6174
v  0.5738 13.3499 48.6009
v  0.5738 12.9286 50.8192
v  -0.2512 12.9286 50.8192
v  -0.2512 13.3499 48.6009
v  -0.2512 13.7049 50.9666
v  0.5738 13.7049 50.9666
v  0.5738 14.1262 48.7484
v  -0.2512 14.1262 48.7484
v  0.4566 13.0389 50.8400
v  0.4566 12.7937 52.1314
v  -0.1342 12.7937 52.1314
v  -0.1342 13.0389 50.8400
v  -0.1342 13.3495 52.2369
v  0.4566 13.3495 52.2369
v  0.4566 13.5947 50.9456
v  -0.1342 13.5947 50.9456
v  -6.2112 11.7992 -8.1682
v  -5.6706 16.6569 -2.3371
v  -10.1710 17.4508 -2.5813
v  -10.7115 12.5930 -8.4123
v  -9.1002 23.1845 -7.4571
v  -4.5999 22.3907 -7.2131
v  -5.1404 17.5330 -13.0441
v  -9.6408 18.3268 -13.2881
v  10.1710 17.4508 -2.5813
v  5.6706 16.6569 -2.3371
v  6.2112 11.7992 -8.1682
v  10.7115 12.5930 -8.4123
v  5.1404 17.5330 -13.0441
v  4.5999 22.3907 -7.2131
v  9.1002 23.1845 -7.4571
v  9.6408 18.3268 -13.2881
v  -3.0542 10.8972 6.3974
v  -2.9391 15.1745 12.6888
v  -7.4915 15.5955 12.4859
v  -7.6066 11.3184 6.1945
v  -6.9246 21.8603 8.2164
v  -2.3721 21.4393 8.4193
v  -2.4873 17.1620 2.1279
v  -7.0397 17.5830 1.9250
v  7.4915 15.5955 12.4859
v  2.9391 15.1745 12.6888
v  3.0542 10.8972 6.3974
v  7.6066 11.3184 6.1945
v  2.4873 17.1620 2.1279
v  2.3722 21.4393 8.4193
v  6.9246 21.8603 8.2164
v  7.0397 17.5830 1.9250
v  -2.4163 7.2552 6.1389
v  -2.7731 7.5852 10.2185
v  -9.6521 8.5879 9.5359
v  -9.2955 8.2578 5.4563
v  -8.7035 14.8101 9.1154
v  -1.8245 13.8074 9.7980
v  -1.4678 13.4774 5.7184
v  -8.3467 14.4799 5.0358
v  9.6521 8.5879 9.5359
v  2.7731 7.5852 10.2185
v  2.4163 7.2552 6.1389
v  9.2955 8.2578 5.4563
v  1.4678 13.4774 5.7184
v  1.8245 13.8074 9.7980
v  8.7035 14.8101 9.1154
v  8.3468 14.4799 5.0358
v  -5.2327 10.7515 -13.0193
v  -5.5894 8.7285 -9.4613
v  -12.4684 9.9415 -9.4613
v  -12.1118 11.9645 -13.0193
v  -11.5198 15.3215 -6.3073
v  -4.6408 14.1085 -6.3073
v  -4.2841 16.1315 -9.8653
v  -11.1631 17.3444 -9.8653
v  12.4684 9.9415 -9.4613
v  5.5894 8.7285 -9.4613
v  5.2327 10.7515 -13.0193
v  12.1118 11.9645 -13.0193
v  4.2841 16.1315 -9.8653
v  4.6408 14.1085 -6.3072
v  11.5198 15.3215 -6.3073
v  11.1631 17.3444 -9.8653
v  -6.1128 7.6950 -15.2218
v  -6.4738 5.6472 -12.7438
v  -12.6913 6.7435 -12.7438
v  -12.3301 8.7913 -15.2218
v  -12.0397 10.4384 -9.5956
v  -5.8224 9.3421 -9.5956
v  -5.4614 11.3899 -12.0736
v  -11.6787 12.4862 -12.0736
v  12.6913 6.7435 -12.7438
v  6.4738 5.6472 -12.7438
v  6.1128 7.6950 -15.2218
v  12.3301 8.7913 -15.2218
v  5.4614 11.3899 -12.0736
v  5.8224 9.3421 -9.5956
v  12.0397 10.4384 -9.5956
v  11.6787 12.4862 -12.0736
v  -3.0666 3.6135 6.8819
v  -3.4278 3.8757 10.0858
v  -9.6451 4.6611 9.3208
v  -9.2841 4.3989 6.1170
v  -8.9936 9.5045 8.9978
v  -2.7763 8.7192 9.7629
v  -2.4151 8.4569 6.5590
v  -8.6324 9.2423 5.7940
v  9.6451 4.6611 9.3208
v  3.4278 3.8757 10.0858
v  3.0666 3.6135 6.8819
v  9.2841 4.3989 6.1170
v  2.4151 8.4569 6.5590
v  2.7763 8.7192 9.7629
v  8.9936 9.5045 8.9978
v  8.6325 9.2423 5.7940
v  -5.1857 4.0639 4.2471
v  -5.3199 2.6502 4.7292
v  -7.6388 2.8530 4.6786
v  -7.5046 4.2667 4.1965
v  -5.2793 4.3959 9.8592
v  -5.1452 5.8096 9.3771
v  -7.4641 6.0125 9.3264
v  -7.5982 4.5986 9.8085
v  -9.9578 3.0559 4.6279
v  -9.9172 4.8015 9.7579
v  -9.7831 6.2153 9.2757
v  -9.8236 4.4696 4.1458
v  -5.5059 0.6901 5.3977
v  -5.4653 2.4357 10.5277
v  -7.7844 2.6385 10.4770
v  -7.8249 0.8929 5.3471
v  -3.0009 2.4473 4.7799
v  -2.9603 4.1931 9.9100
v  -3.1464 2.2328 10.5784
v  -3.1870 0.4872 5.4484
v  -7.4035 0.7356 4.0023
v  -7.2749 2.0892 3.5406
v  -5.7611 1.9567 3.5738
v  -5.8896 0.6032 4.0353
v  -10.1438 1.0957 5.2964
v  -10.1034 2.8413 10.4263
v  -2.8667 3.8612 4.2978
v  -2.8261 5.6068 9.4278
v  -9.7208 1.0095 4.1605
v  -9.5923 2.3630 3.6989
v  -8.0784 2.2306 3.7320
v  -8.2070 0.8770 4.1936
v  -3.4405 1.8249 3.8334
v  -3.5690 0.4715 4.2949
v  -5.0827 0.6038 4.2619
v  -4.9542 1.9573 3.8002
v  7.6388 2.8530 4.6786
v  5.3199 2.6502 4.7292
v  5.1857 4.0639 4.2471
v  7.5046 4.2667 4.1965
v  7.4641 6.0125 9.3264
v  5.1452 5.8096 9.3771
v  5.2793 4.3959 9.8592
v  7.5982 4.5988 9.8085
v  9.7831 6.2153 9.2757
v  9.9173 4.8015 9.7579
v  9.9578 3.0559 4.6279
v  9.8237 4.4696 4.1458
v  7.7844 2.6385 10.4770
v  5.4653 2.4357 10.5277
v  5.5059 0.6901 5.3977
v  7.8249 0.8929 5.3471
v  3.1464 2.2328 10.5784
v  2.9603 4.1931 9.9100
v  3.0009 2.4473 4.7799
v  3.1870 0.4872 5.4484
v  5.7611 1.9567 3.5738
v  7.2749 2.0892 3.5406
v  7.4035 0.7356 4.0023
v  5.8896 0.6032 4.0353
v  10.1034 2.8413 10.4263
v  10.1440 1.0957 5.2964
v  2.8261 5.6068 9.4278
v  2.8667 3.8612 4.2978
v  8.0784 2.2306 3.7320
v  9.5923 2.3630 3.6989
v  9.7208 1.0095 4.1605
v  8.2070 0.8770 4.1936
v  5.0829 0.6038 4.2619
v  3.5690 0.4715 4.2949
v  3.4405 1.8249 3.8334
v  4.9543 1.9573 3.8002
v  -8.8871 3.4353 -16.2499
v  -8.9323 3.1788 -14.7730
v  -11.2253 3.5831 -14.7730
v  -11.1800 3.8397 -16.2499
v  -8.0056 8.4344 -13.8321
v  -7.9604 8.6909 -15.3089
v  -10.2533 9.0951 -15.3089
v  -10.2985 8.8387 -13.8321
v  -13.5183 3.9875 -14.7730
v  -12.5916 9.2431 -13.8321
v  -12.5464 9.4995 -15.3089
v  -13.4731 4.2439 -16.2499
v  -8.9950 2.8232 -12.7252
v  -8.0683 8.0788 -11.7842
v  -10.3612 8.4832 -11.7842
v  -11.2880 3.2276 -12.7252
v  -6.6393 2.7746 -14.7730
v  -5.7126 8.0302 -13.8321
v  -5.7753 7.6745 -11.7842
v  -6.7020 2.4189 -12.7252
v  -11.1061 1.9316 -13.2714
v  -11.0627 2.1772 -14.6855
v  -9.5659 1.9132 -14.6855
v  -9.6093 1.6677 -13.2714
v  -13.5810 3.6319 -12.7252
v  -12.6543 8.8874 -11.7842
v  -6.5941 3.0310 -16.2499
v  -5.6674 8.2866 -15.3089
v  -13.3613 2.5500 -13.2331
v  -13.3180 2.7955 -14.6471
v  -11.8212 2.5316 -14.6472
v  -11.8645 2.2860 -13.2331
v  -7.2352 1.7230 -14.6472
v  -7.2784 1.4774 -13.2331
v  -8.7752 1.7414 -13.2331
v  -8.7320 1.9869 -14.6472
v  11.2253 3.5831 -14.7730
v  8.9323 3.1788 -14.7730
v  8.8871 3.4353 -16.2499
v  11.1800 3.8397 -16.2499
v  10.2533 9.0951 -15.3089
v  7.9604 8.6909 -15.3089
v  8.0056 8.4344 -13.8321
v  10.2985 8.8387 -13.8321
v  12.5464 9.4995 -15.3089
v  12.5916 9.2431 -13.8321
v  13.5183 3.9875 -14.7730
v  13.4731 4.2439 -16.2499
v  10.3612 8.4832 -11.7842
v  8.0683 8.0788 -11.7842
v  8.9950 2.8232 -12.7252
v  11.2880 3.2276 -12.7252
v  5.7753 7.6744 -11.7842
v  5.7126 8.0302 -13.8321
v  6.6393 2.7746 -14.7730
v  6.7020 2.4189 -12.7252
v  9.5659 1.9132 -14.6855
v  11.0627 2.1772 -14.6855
v  11.1061 1.9316 -13.2714
v  9.6093 1.6677 -13.2714
v  12.6543 8.8874 -11.7842
v  13.5810 3.6319 -12.7252
v  5.6674 8.2866 -15.3089
v  6.5941 3.0310 -16.2499
v  11.8212 2.5315 -14.6472
v  13.3180 2.7955 -14.6472
v  13.3613 2.5500 -13.2331
v  11.8645 2.2860 -13.2331
v  8.7752 1.7414 -13.2331
v  7.2784 1.4774 -13.2331
v  7.2352 1.7230 -14.6472
v  8.7320 1.9869 -14.6472
v  -9.5859 27.0060 -7.2404
v  -15.1442 26.8937 -7.3646
v  -15.1888 26.4864 3.1287
v  -8.4539 26.5319 5.6202
v  -22.1326 26.7525 -7.5208
v  -31.5492 26.9413 -17.5238
v  -30.0062 25.9110 9.9257
v  -21.7451 26.3425 3.2779
v  -37.0887 26.7043 -14.4181
v  -34.3092 26.0031 5.2041
v  -40.1290 25.9996 2.1294
v  -42.6282 26.4674 -11.3124
v  -50.4113 26.0126 -3.8015
v  -46.2193 25.8598 2.4272
v  -56.4373 25.4490 7.4761
v  -6.2795 24.9199 -6.6176
v  -6.3719 29.3059 -6.4477
v  -10.8701 29.2149 -6.5482
v  -10.7777 24.8290 -6.7180
v  -10.7749 29.3880 -10.9643
v  -6.2767 29.4789 -10.8638
v  -6.1843 25.0929 -11.0335
v  -10.6825 25.0021 -11.1342
v  -22.1586 28.2157 -7.6835
v  -22.1000 28.3219 -10.3974
v  -22.0415 25.5438 -10.5050
v  -22.1000 25.4374 -7.7911
v  -10.8348 28.4444 -7.4305
v  -10.7762 25.6663 -7.5380
v  -10.7763 28.5507 -10.1444
v  -10.7177 25.7726 -10.2519
v  -19.9233 25.7865 -10.1304
v  -19.9730 28.1452 -10.0392
v  -21.7928 28.0394 -8.2985
v  -21.7431 25.6809 -8.3898
v  -30.2221 28.2026 -17.1012
v  -28.4022 28.3084 -18.8419
v  -28.3525 25.9497 -18.9331
v  -30.1724 25.8441 -17.1925
v  -30.0642 25.4153 -23.1712
v  -27.1717 25.3088 -18.8448
v  -31.4980 25.1059 -15.9574
v  -34.3905 25.2125 -20.2838
v  -31.5777 28.8937 -15.8108
v  -27.2515 29.0966 -18.6982
v  -30.1439 29.2031 -23.0246
v  -34.4703 29.0002 -20.1372
v  -42.6679 25.3472 -11.1600
v  -42.7176 27.7058 -11.0687
v  -43.9303 27.7657 -13.2775
v  -43.8805 25.4071 -13.3687
v  -33.2481 28.2174 -19.1300
v  -32.0354 28.1575 -16.9213
v  -31.9857 25.7988 -17.0125
v  -33.1983 25.8588 -19.2213
v  -50.9031 24.8630 -3.1373
v  -50.9528 27.2217 -3.0460
v  -52.6959 27.2555 -4.8662
v  -52.6462 24.8968 -4.9576
v  -43.8955 27.7668 -13.2839
v  -42.1524 27.7330 -11.4636
v  -42.1027 25.3743 -11.5550
v  -43.8458 25.4081 -13.3752
v  -56.7118 24.2921 8.4475
v  -56.7616 26.6508 8.5388
v  -59.0220 26.6463 7.4236
v  -58.9723 24.2877 7.3323
v  -52.4767 27.2663 -5.0288
v  -50.2162 27.2708 -3.9135
v  -50.1665 24.9122 -4.0049
v  -52.4270 24.9077 -5.1201
v  -22.0561 26.8105 -8.9795
v  -30.2793 26.9755 -17.7149
v  9.5859 27.0060 -7.2404
v  8.4539 26.5319 5.6202
v  15.1888 26.4864 3.1287
v  15.1442 26.8937 -7.3646
v  30.0062 25.9110 9.9257
v  31.5492 26.9413 -17.5238
v  22.1326 26.7525 -7.5208
v  21.7451 26.3425 3.2780
v  34.3092 26.0032 5.2042
v  37.0888 26.7044 -14.4181
v  40.1290 25.9996 2.1295
v  46.2193 25.8598 2.4272
v  50.4113 26.0126 -3.8015
v  42.6283 26.4674 -11.3123
v  56.4373 25.4490 7.4761
v  10.8701 29.2149 -6.5482
v  6.3719 29.3059 -6.4477
v  6.2795 24.9199 -6.6176
v  10.7777 24.8291 -6.7180
v  6.1843 25.0929 -11.0335
v  6.2767 29.4789 -10.8638
v  10.7749 29.3880 -10.9643
v  10.6825 25.0021 -11.1342
v  22.0415 25.5438 -10.5050
v  22.1000 28.3219 -10.3974
v  22.1586 28.2157 -7.6836
v  22.1000 25.4375 -7.7911
v  10.7762 25.6663 -7.5380
v  10.8348 28.4444 -7.4305
v  10.7763 28.5507 -10.1444
v  10.7178 25.7726 -10.2519
v  21.7928 28.0394 -8.2985
v  19.9730 28.1452 -10.0392
v  19.9233 25.7865 -10.1304
v  21.7431 25.6809 -8.3898
v  28.3525 25.9497 -18.9331
v  28.4023 28.3084 -18.8419
v  30.2221 28.2026 -17.1012
v  30.1724 25.8441 -17.1925
v  31.4981 25.1059 -15.9574
v  27.1717 25.3088 -18.8448
v  30.0642 25.4153 -23.1712
v  34.3905 25.2125 -20.2838
v  30.1441 29.2032 -23.0245
v  27.2515 29.0966 -18.6982
v  31.5779 28.8937 -15.8108
v  34.4703 29.0002 -20.1372
v  43.9303 27.7658 -13.2775
v  42.7176 27.7058 -11.0687
v  42.6680 25.3472 -11.1600
v  43.8807 25.4071 -13.3689
v  31.9857 25.7989 -17.0125
v  32.0354 28.1575 -16.9213
v  33.2481 28.2174 -19.1300
v  33.1984 25.8588 -19.2213
v  52.6960 27.2555 -4.8662
v  50.9529 27.2217 -3.0459
v  50.9033 24.8630 -3.1373
v  52.6463 24.8968 -4.9575
v  42.1027 25.3743 -11.5550
v  42.1524 27.7330 -11.4636
v  43.8956 27.7668 -13.2839
v  43.8458 25.4082 -13.3752
v  59.0220 26.6463 7.4236
v  56.7616 26.6508 8.5389
v  56.7118 24.2921 8.4475
v  58.9723 24.2878 7.3323
v  50.1665 24.9122 -4.0049
v  50.2163 27.2709 -3.9135
v  52.4767 27.2663 -5.0287
v  52.4270 24.9077 -5.1201
v  30.2793 26.9755 -17.7149
v  22.0561 26.8105 -8.9795
# 578 vertices

vn 0.0000 -0.9841 0.1776
vn 0.0000 0.9841 -0.1776
vn -1.0000 0.0000 -0.0000
vn 0.0000 0.1736 0.9848
vn 1.0000 0.0000 -0.0000
vn 0.0000 -0.1736 -0.9848
vn -0.0995 -0.7173 0.6897
vn 0.0995 0.7173 -0.6897
vn -0.8724 -0.2672 -0.4092
vn -0.3830 0.6428 0.6634
vn 0.8724 0.2672 0.4092
vn 0.3830 -0.6428 -0.6634
vn 0.0995 -0.7173 0.6897
vn -0.0995 0.7173 -0.6897
vn 0.8724 -0.2672 -0.4092
vn 0.3830 0.6428 0.6634
vn -0.8724 0.2672 0.4093
vn -0.3830 -0.6428 -0.6634
vn -0.0000 -0.9848 0.1736
vn 0.0000 0.9848 -0.1737
vn -0.0000 0.1737 0.9848
vn 1.0000 -0.0000 -0.0000
vn -0.0000 -0.1737 -0.9848
vn 0.0000 -0.9848 0.1736
vn 0.0000 0.9848 -0.1736
vn 0.0000 0.1737 0.9848
vn 0.0000 -0.1737 -0.9848
vn -0.0001 -0.1737 -0.9848
vn 0.0000 -0.9848 0.1737
vn -0.0000 -0.9848 0.1737
vn 0.0000 -0.9969 0.0780
vn 0.0000 0.9969 -0.0780
vn 0.0000 0.0741 0.9973
vn -0.0000 -0.0741 -0.9973
vn 0.0000 -0.9969 0.0781
vn 0.0000 -0.0741 -0.9973
vn 0.0000 0.0568 0.9984
vn 0.9999 0.0008 0.0145
vn 0.0000 -0.0568 -0.9984
vn -0.9999 0.0008 0.0145
vn 0.0000 -0.9950 -0.1002
vn 0.0000 0.9950 0.1002
vn -0.0000 -0.1002 0.9950
vn 0.0000 0.1002 -0.9950
vn 0.0000 -0.1002 0.9950
vn 1.0000 -0.0009 0.0091
vn 0.0000 0.1001 -0.9950
vn -1.0000 -0.0009 0.0091
vn 0.0000 -0.9824 -0.1866
vn 0.0000 0.9824 0.1866
vn 0.0000 -0.1866 0.9824
vn 0.0000 0.1866 -0.9824
vn 0.9998 -0.0018 0.0178
vn -0.0000 0.1002 -0.9950
vn -0.9998 -0.0018 0.0178
vn -0.0000 0.9824 0.1866
vn 0.0000 0.1865 -0.9824
vn -0.0000 -0.1866 0.9824
vn -0.0000 -0.9824 -0.1866
vn 0.0000 0.9824 0.1865
vn -0.0000 0.1866 -0.9824
vn -0.0000 -0.1865 0.9825
vn -0.0000 -0.9824 -0.1865
vn 0.0000 -0.1865 0.9825
vn 0.0000 0.1867 -0.9824
vn -0.1670 -0.7499 0.6402
vn 0.1670 0.7499 -0.6402
vn -0.9875 0.1535 -0.0363
vn 0.0710 0.6385 0.7664
vn 0.9875 -0.1535 0.0363
vn -0.0711 -0.6384 -0.7664
vn 0.1670 -0.7499 0.6402
vn -0.1670 0.7499 -0.6402
vn 0.9875 0.1535 -0.0363
vn -0.0710 0.6385 0.7664
vn -0.9875 -0.1535 0.0363
vn 0.0711 -0.6384 -0.7664
vn -0.1010 -0.8219 0.5606
vn 0.1010 0.8219 -0.5606
vn -0.9971 0.0701 -0.0295
vn 0.0151 0.5622 0.8269
vn 0.9971 -0.0701 0.0295
vn -0.0152 -0.5622 -0.8269
vn 0.1010 -0.8219 0.5606
vn -0.1010 0.8219 -0.5606
vn 0.9971 0.0702 -0.0295
vn -0.0151 0.5622 0.8269
vn -0.9971 -0.0702 0.0295
vn 0.0151 -0.5622 -0.8269
vn -0.1504 -0.9864 0.0666
vn 0.1504 0.9864 -0.0667
vn -0.9848 0.1435 -0.0977
vn -0.0868 0.0803 0.9930
vn 0.9848 -0.1435 0.0977
vn 0.0868 -0.0803 -0.9930
vn 0.1504 -0.9864 0.0667
vn -0.1504 0.9864 -0.0666
vn 0.9848 0.1436 -0.0977
vn 0.0868 0.0803 0.9930
vn -0.9848 -0.1435 0.0977
vn -0.0868 -0.0803 -0.9930
vn -0.1504 -0.8529 -0.5000
vn 0.1504 0.8529 0.5000
vn -0.9848 0.1736 0.0000
vn -0.0868 -0.4924 0.8660
vn 0.9848 -0.1736 0.0000
vn 0.0868 0.4924 -0.8660
vn 0.1504 -0.8529 -0.5000
vn -0.1504 0.8529 0.5000
vn 0.9848 0.1737 -0.0000
vn 0.0868 -0.4924 0.8660
vn -0.9848 -0.1736 0.0000
vn -0.0868 0.4924 -0.8660
vn -0.1330 -0.7544 -0.6428
vn 0.1330 0.7544 0.6428
vn -0.9848 0.1737 -0.0000
vn -0.1116 -0.6330 0.7661
vn 0.9848 -0.1736 -0.0000
vn 0.1116 0.6330 -0.7661
vn 0.1330 -0.7544 -0.6428
vn -0.1330 0.7544 0.6428
vn 0.9848 0.1736 0.0000
vn 0.1116 -0.6330 0.7661
vn -0.9848 -0.1736 -0.0000
vn -0.1116 0.6330 -0.7661
vn -0.1330 -0.9889 0.0659
vn 0.1330 0.9889 -0.0659
vn -0.9848 0.1244 -0.1212
vn -0.1116 0.0811 0.9904
vn 0.9848 -0.1244 0.1212
vn 0.1116 -0.0811 -0.9904
vn 0.1330 -0.9889 0.0659
vn -0.1330 0.9889 -0.0660
vn 0.9848 0.1244 -0.1212
vn 0.1116 0.0811 0.9904
vn -0.9848 -0.1244 0.1212
vn -0.1116 -0.0810 -0.9904
vn -0.0075 -0.3221 -0.9467
vn 0.0075 0.3221 0.9467
vn -0.9960 0.0871 -0.0218
vn -0.0895 -0.9427 0.3215
vn 0.9960 -0.0871 0.0218
vn 0.0895 0.9427 -0.3215
vn -0.0075 -0.3222 -0.9467
vn -0.0074 -0.3221 -0.9467
vn 0.0075 0.3222 0.9467
vn -0.0887 -0.9921 0.0882
vn -0.9545 -0.0110 -0.2979
vn 0.0851 0.8396 -0.5364
vn 0.9502 -0.1776 -0.2563
vn -0.0880 -0.9952 0.0428
vn -0.9374 -0.0294 -0.3469
vn 0.0838 0.8143 -0.5743
vn 0.9322 -0.1929 -0.3061
vn 0.0838 0.8143 -0.5744
vn 0.9323 -0.1929 -0.3061
vn -0.9374 -0.0294 -0.3470
vn 0.0075 -0.3221 -0.9467
vn -0.0075 0.3221 0.9467
vn 0.9960 0.0871 -0.0218
vn 0.0895 -0.9427 0.3215
vn -0.9960 -0.0871 0.0218
vn -0.0895 0.9427 -0.3215
vn 0.0074 -0.3221 -0.9467
vn 0.9960 0.0872 -0.0218
vn -0.0894 0.9427 -0.3215
vn 0.0075 -0.3222 -0.9467
vn 0.0887 -0.9921 0.0882
vn 0.9545 -0.0109 -0.2979
vn -0.0852 0.8397 -0.5364
vn -0.9502 -0.1776 -0.2563
vn 0.0880 -0.9952 0.0428
vn 0.9374 -0.0293 -0.3470
vn -0.0838 0.8143 -0.5744
vn -0.9323 -0.1930 -0.3061
vn -0.0838 0.8143 -0.5743
vn -0.9322 -0.1929 -0.3061
vn 0.0879 -0.9952 0.0427
vn 0.9374 -0.0293 -0.3469
vn -0.1710 -0.9698 -0.1737
vn 0.1710 0.9698 0.1737
vn -0.9848 0.1736 -0.0000
vn -0.0302 -0.1710 0.9848
vn 0.0302 0.1710 -0.9848
vn -0.1710 -0.9698 -0.1736
vn 0.1710 0.9698 0.1736
vn -0.1710 -0.9699 -0.1736
vn 0.1710 0.9699 0.1736
vn -0.0301 -0.1710 0.9848
vn 0.0301 0.1710 -0.9848
vn -0.0698 -0.3958 0.9157
vn -0.9917 -0.1178 -0.0508
vn -0.0112 -0.0634 -0.9979
vn 0.8916 -0.4499 -0.0508
vn -0.0770 -0.4364 0.8964
vn -0.9833 -0.1716 -0.0599
vn -0.0191 -0.1081 -0.9940
vn 0.8653 -0.4976 -0.0599
vn 0.8654 -0.4975 -0.0599
vn -0.0770 -0.4365 0.8964
vn 0.1710 -0.9698 -0.1737
vn -0.1710 0.9699 0.1736
vn 0.0302 -0.1710 0.9848
vn -0.0301 0.1710 -0.9848
vn 0.1710 -0.9698 -0.1736
vn -0.1710 0.9698 0.1736
vn -0.1710 0.9698 0.1737
vn -0.0302 0.1710 -0.9848
vn 0.0698 -0.3957 0.9157
vn 0.9917 -0.1178 -0.0509
vn 0.0112 -0.0634 -0.9979
vn -0.8916 -0.4499 -0.0508
vn 0.0770 -0.4364 0.8964
vn 0.9834 -0.1715 -0.0599
vn 0.0191 -0.1081 -0.9940
vn -0.8654 -0.4976 -0.0598
vn -0.8654 -0.4976 -0.0599
vn 0.0770 -0.4365 0.8964
vn 0.9833 -0.1717 -0.0599
vn -0.0210 0.9990 0.0387
vn -0.0211 0.9990 0.0387
vn -0.0215 -0.0391 0.9990
vn 0.0215 0.0391 -0.9990
vn -0.9995 -0.0202 -0.0224
vn 0.9995 0.0202 0.0223
vn 0.0210 -0.9990 -0.0387
vn -0.9995 -0.0202 -0.0223
vn -0.9995 -0.0201 -0.0223
vn 0.0211 -0.9990 -0.0387
vn 0.6916 -0.0134 0.7222
vn -0.6916 0.0134 -0.7222
vn -0.7220 -0.0420 0.6906
vn 0.7220 0.0419 -0.6906
vn 0.0210 -0.9990 -0.0386
vn -0.0210 0.9990 0.0386
vn -0.8311 -0.0390 0.5547
vn 0.5557 -0.0205 0.8312
vn 0.8311 0.0390 -0.5547
vn -0.5557 0.0205 -0.8311
vn -0.8764 -0.0371 0.4802
vn 0.8764 0.0371 -0.4802
vn -0.4811 0.0237 -0.8763
vn 0.4811 -0.0238 0.8763
vn 0.7220 0.0420 -0.6906
vn -0.4420 -0.0440 0.8959
vn 0.4420 0.0440 -0.8959
vn -0.8852 -0.0006 -0.4653
vn 0.8852 0.0006 0.4653
vn 0.0211 0.9990 0.0387
vn 0.0210 0.9990 0.0387
vn 0.0215 -0.0391 0.9990
vn -0.0216 0.0391 -0.9990
vn 0.9995 -0.0202 -0.0223
vn -0.9995 0.0202 0.0223
vn -0.0210 -0.9990 -0.0387
vn 0.9995 -0.0202 -0.0224
vn 0.0216 -0.0391 0.9990
vn 0.0211 0.9990 0.0386
vn -0.0215 0.0391 -0.9990
vn -0.0211 -0.9990 -0.0387
vn -0.6916 -0.0134 0.7222
vn 0.6915 0.0134 -0.7222
vn 0.7220 -0.0420 0.6906
vn -0.7220 0.0419 -0.6906
vn 0.8311 -0.0390 0.5547
vn -0.5557 -0.0205 0.8312
vn -0.8311 0.0390 -0.5547
vn 0.5557 0.0205 -0.8311
vn 0.8764 -0.0370 0.4802
vn -0.8764 0.0370 -0.4802
vn 0.4811 0.0238 -0.8763
vn -0.4811 -0.0237 0.8763
vn -0.7220 0.0420 -0.6906
vn 0.6916 0.0134 -0.7222
vn 0.4420 -0.0440 0.8960
vn -0.4420 0.0440 -0.8960
vn 0.8852 -0.0006 -0.4653
vn -0.8852 0.0006 0.4653
# 278 vertex normals

vt 0.2734 0.6094 0.0000
vt 0.2734 0.6641 0.0000
vt 0.2031 0.6641 0.0000
vt 0.2031 0.6094 0.0000
vt 0.4141 0.6719 0.0000
vt 0.3438 0.6719 0.0000
vt 0.3438 0.6172 0.0000
vt 0.4141 0.6172 0.0000
vt 0.3264 0.5703 0.0000
vt 0.3266 0.6328 0.0000
vt 0.2752 0.6328 0.0000
vt 0.2749 0.5703 0.0000
vt 0.0703 0.6328 0.0000
vt 0.0703 0.6953 0.0000
vt 0.0000 0.6953 0.0000
vt 0.0000 0.6328 0.0000
vt 0.1250 0.5733 0.0000
vt 0.1875 0.5735 0.0000
vt 0.1875 0.6250 0.0000
vt 0.1250 0.6248 0.0000
vt 0.1406 0.6328 0.0000
vt 0.1406 0.6953 0.0000
vt 0.3516 0.3533 0.0000
vt 0.3672 0.3516 0.0000
vt 0.3672 0.4009 0.0000
vt 0.3516 0.4026 0.0000
vt 0.1111 0.9844 0.0000
vt 0.1604 0.9844 0.0000
vt 0.1587 1.0000 0.0000
vt 0.1094 1.0000 0.0000
vt 0.6011 0.6562 0.0000
vt 0.6016 0.6719 0.0000
vt 0.5523 0.6719 0.0000
vt 0.5518 0.6562 0.0000
vt 0.6016 0.3594 0.0000
vt 0.6016 0.3750 0.0000
vt 0.5859 0.3750 0.0000
vt 0.5859 0.3594 0.0000
vt 0.5234 0.4058 0.0000
vt 0.5234 0.3565 0.0000
vt 0.5391 0.3570 0.0000
vt 0.5391 0.4062 0.0000
vt 0.6250 0.3984 0.0000
vt 0.6406 0.3984 0.0000
vt 0.6406 0.4141 0.0000
vt 0.6250 0.4141 0.0000
vt 0.0757 0.8438 0.0000
vt 0.1250 0.8438 0.0000
vt 0.1233 0.8594 0.0000
vt 0.0740 0.8594 0.0000
vt 0.4375 0.3726 0.0000
vt 0.4531 0.3709 0.0000
vt 0.4531 0.4202 0.0000
vt 0.4375 0.4219 0.0000
vt 0.6081 0.4219 0.0000
vt 0.6098 0.4688 0.0000
vt 0.5954 0.4688 0.0000
vt 0.5938 0.4219 0.0000
vt 0.6406 0.4297 0.0000
vt 0.6250 0.4297 0.0000
vt 0.6406 0.8216 0.0000
vt 0.6406 0.8359 0.0000
vt 0.5938 0.8342 0.0000
vt 0.5938 0.8199 0.0000
vt 0.5703 0.3750 0.0000
vt 0.5703 0.3594 0.0000
vt 0.3164 0.6655 0.0000
vt 0.3164 0.7134 0.0000
vt 0.2966 0.7134 0.0000
vt 0.2966 0.6655 0.0000
vt 0.3555 0.6172 0.0000
vt 0.3555 0.5692 0.0000
vt 0.3752 0.5692 0.0000
vt 0.3752 0.6172 0.0000
vt 0.4187 0.8169 0.0000
vt 0.4129 0.8497 0.0000
vt 0.3656 0.8414 0.0000
vt 0.3714 0.8085 0.0000
vt 0.4102 0.7067 0.0000
vt 0.4102 0.7401 0.0000
vt 0.3904 0.7401 0.0000
vt 0.3904 0.7067 0.0000
vt 0.1129 0.5742 0.0000
vt 0.1187 0.6070 0.0000
vt 0.0715 0.6154 0.0000
vt 0.0657 0.5825 0.0000
vt 0.5000 0.6172 0.0000
vt 0.5000 0.6506 0.0000
vt 0.4802 0.6506 0.0000
vt 0.4802 0.6172 0.0000
vt 0.4098 0.8672 0.0000
vt 0.3626 0.8589 0.0000
vt 0.4102 0.7578 0.0000
vt 0.4299 0.7401 0.0000
vt 0.4299 0.7578 0.0000
vt 0.1218 0.6245 0.0000
vt 0.0746 0.6328 0.0000
vt 0.3008 0.9261 0.0000
vt 0.3008 0.9084 0.0000
vt 0.3206 0.9084 0.0000
vt 0.3206 0.9261 0.0000
vt 0.3437 0.6655 0.0000
vt 0.3437 0.7134 0.0000
vt 0.3362 0.7134 0.0000
vt 0.3362 0.6655 0.0000
vt 0.2891 0.7134 0.0000
vt 0.2891 0.6655 0.0000
vt 0.3281 0.6172 0.0000
vt 0.3281 0.5692 0.0000
vt 0.3357 0.5692 0.0000
vt 0.3357 0.6172 0.0000
vt 0.3828 0.5692 0.0000
vt 0.3828 0.6172 0.0000
vt 0.4375 0.7067 0.0000
vt 0.4375 0.7401 0.0000
vt 0.4299 0.7067 0.0000
vt 0.3828 0.7401 0.0000
vt 0.3828 0.7067 0.0000
vt 0.3281 0.8750 0.0000
vt 0.3281 0.9084 0.0000
vt 0.3206 0.8750 0.0000
vt 0.5198 0.6172 0.0000
vt 0.5198 0.6506 0.0000
vt 0.2735 0.9084 0.0000
vt 0.2735 0.8750 0.0000
vt 0.2810 0.8750 0.0000
vt 0.2810 0.9084 0.0000
vt 0.3828 0.7578 0.0000
vt 0.3904 0.7578 0.0000
vt 0.4375 0.7578 0.0000
vt 0.2735 0.9261 0.0000
vt 0.2810 0.9261 0.0000
vt 0.3281 0.9261 0.0000
vt 0.2966 0.6328 0.0000
vt 0.3164 0.6328 0.0000
vt 0.4141 0.7031 0.0000
vt 0.3828 0.7031 0.0000
vt 0.3828 0.6719 0.0000
vt 0.4766 0.5078 0.0000
vt 0.4766 0.4752 0.0000
vt 0.4963 0.4752 0.0000
vt 0.4963 0.5078 0.0000
vt 0.4568 0.5078 0.0000
vt 0.4568 0.4752 0.0000
vt 0.3359 0.4375 0.0000
vt 0.3359 0.4062 0.0000
vt 0.3672 0.4062 0.0000
vt 0.3672 0.4375 0.0000
vt 0.3362 0.6328 0.0000
vt 0.0535 0.6953 0.0000
vt 0.0525 0.7578 0.0000
vt 0.0334 0.7578 0.0000
vt 0.0325 0.6953 0.0000
vt 0.4162 0.5078 0.0000
vt 0.4153 0.4453 0.0000
vt 0.4363 0.4453 0.0000
vt 0.4354 0.5078 0.0000
vt 0.3162 0.9297 0.0000
vt 0.3165 1.0000 0.0000
vt 0.2541 1.0000 0.0000
vt 0.2538 0.9297 0.0000
vt 0.0994 0.7649 0.0000
vt 0.0994 0.8378 0.0000
vt 0.0803 0.8378 0.0000
vt 0.0803 0.7649 0.0000
vt 0.2188 0.6716 0.0000
vt 0.2891 0.6719 0.0000
vt 0.2891 0.7344 0.0000
vt 0.2188 0.7341 0.0000
vt 0.1863 0.6953 0.0000
vt 0.1863 0.7682 0.0000
vt 0.1653 0.7682 0.0000
vt 0.1653 0.6953 0.0000
vt 0.0844 0.6953 0.0000
vt 0.0844 0.7578 0.0000
vt 0.0015 0.7578 0.0000
vt 0.0015 0.6953 0.0000
vt 0.4333 0.6094 0.0000
vt 0.4333 0.5469 0.0000
vt 0.4642 0.5469 0.0000
vt 0.4651 0.6094 0.0000
vt 0.4384 0.9375 0.0000
vt 0.4688 0.9375 0.0000
vt 0.4688 1.0000 0.0000
vt 0.4375 1.0000 0.0000
vt 0.1313 0.7649 0.0000
vt 0.1313 0.8378 0.0000
vt 0.0484 0.8378 0.0000
vt 0.0484 0.7649 0.0000
vt 0.2172 0.6953 0.0000
vt 0.2172 0.7682 0.0000
vt 0.1344 0.7682 0.0000
vt 0.1344 0.6953 0.0000
vt 0.0994 0.8438 0.0000
vt 0.0803 0.8438 0.0000
vt 0.4297 0.3358 0.0000
vt 0.4375 0.3360 0.0000
vt 0.4375 0.3984 0.0000
vt 0.4297 0.3983 0.0000
vt 0.1863 0.7742 0.0000
vt 0.1653 0.7742 0.0000
vt 0.6679 0.6562 0.0000
vt 0.6680 0.6641 0.0000
vt 0.6056 0.6641 0.0000
vt 0.6054 0.6562 0.0000
vt 0.0239 0.6305 0.0000
vt 0.0244 0.5703 0.0000
vt 0.0381 0.5703 0.0000
vt 0.0386 0.6305 0.0000
vt 0.1494 0.4375 0.0000
vt 0.1489 0.3750 0.0000
vt 0.1636 0.3750 0.0000
vt 0.1631 0.4375 0.0000
vt 0.2734 0.8672 0.0000
vt 0.2734 0.9297 0.0000
vt 0.2109 0.9297 0.0000
vt 0.2109 0.8672 0.0000
vt 0.1787 0.6286 0.0000
vt 0.1787 0.6906 0.0000
vt 0.1651 0.6906 0.0000
vt 0.1651 0.6286 0.0000
vt 0.3906 0.8672 0.0000
vt 0.3906 0.9297 0.0000
vt 0.3281 0.9297 0.0000
vt 0.3281 0.8672 0.0000
vt 0.3589 0.9333 0.0000
vt 0.3589 0.9953 0.0000
vt 0.3442 0.9953 0.0000
vt 0.3442 0.9333 0.0000
vt 0.0012 0.6305 0.0000
vt 0.0012 0.5703 0.0000
vt 0.0613 0.5703 0.0000
vt 0.0613 0.6305 0.0000
vt 0.1173 0.5234 0.0000
vt 0.1173 0.4609 0.0000
vt 0.1400 0.4609 0.0000
vt 0.1405 0.5234 0.0000
vt 0.4922 0.5469 0.0000
vt 0.4922 0.6094 0.0000
vt 0.4688 0.6094 0.0000
vt 0.4693 0.5469 0.0000
vt 0.2020 0.6286 0.0000
vt 0.2020 0.6906 0.0000
vt 0.1418 0.6906 0.0000
vt 0.1418 0.6286 0.0000
vt 0.3816 0.9333 0.0000
vt 0.3816 0.9953 0.0000
vt 0.3215 0.9953 0.0000
vt 0.3215 0.9333 0.0000
vt 0.1787 0.6953 0.0000
vt 0.1651 0.6953 0.0000
vt 0.6719 0.4297 0.0000
vt 0.6719 0.4375 0.0000
vt 0.6094 0.4375 0.0000
vt 0.6094 0.4297 0.0000
vt 0.3589 1.0000 0.0000
vt 0.3442 1.0000 0.0000
vt 0.6719 0.7891 0.0000
vt 0.6719 0.7969 0.0000
vt 0.6094 0.7969 0.0000
vt 0.6094 0.7891 0.0000
vt 0.4478 0.6546 0.0000
vt 0.4486 0.6094 0.0000
vt 0.4577 0.6094 0.0000
vt 0.4585 0.6546 0.0000
vt 0.3248 0.3438 0.0000
vt 0.3256 0.3906 0.0000
vt 0.3150 0.3906 0.0000
vt 0.3158 0.3438 0.0000
vt 0.3906 0.8984 0.0000
vt 0.4375 0.8984 0.0000
vt 0.4375 0.9453 0.0000
vt 0.3906 0.9453 0.0000
vt 0.1139 0.7050 0.0000
vt 0.1139 0.7543 0.0000
vt 0.1048 0.7543 0.0000
vt 0.1048 0.7050 0.0000
vt 0.2344 0.5625 0.0000
vt 0.2344 0.6094 0.0000
vt 0.1875 0.6094 0.0000
vt 0.1875 0.5625 0.0000
vt 0.4116 0.5643 0.0000
vt 0.4116 0.6136 0.0000
vt 0.4009 0.6136 0.0000
vt 0.4009 0.5643 0.0000
vt 0.4305 0.6546 0.0000
vt 0.4305 0.6094 0.0000
vt 0.4758 0.6094 0.0000
vt 0.4758 0.6546 0.0000
vt 0.5547 0.3594 0.0000
vt 0.5547 0.4062 0.0000
vt 0.5399 0.4062 0.0000
vt 0.5391 0.3594 0.0000
vt 0.3481 0.4062 0.0000
vt 0.3308 0.4062 0.0000
vt 0.3308 0.3594 0.0000
vt 0.3489 0.3594 0.0000
vt 0.1320 0.7050 0.0000
vt 0.1320 0.7543 0.0000
vt 0.0867 0.7543 0.0000
vt 0.0867 0.7050 0.0000
vt 0.4289 0.5643 0.0000
vt 0.4289 0.6136 0.0000
vt 0.3836 0.6136 0.0000
vt 0.3836 0.5643 0.0000
vt 0.1139 0.7578 0.0000
vt 0.1048 0.7578 0.0000
vt 0.3037 0.7344 0.0000
vt 0.3040 0.7422 0.0000
vt 0.2588 0.7422 0.0000
vt 0.2585 0.7344 0.0000
vt 0.4116 0.6172 0.0000
vt 0.4009 0.6172 0.0000
vt 0.3594 0.4841 0.0000
vt 0.3594 0.4388 0.0000
vt 0.3672 0.4391 0.0000
vt 0.3672 0.4844 0.0000
vt 0.0625 0.5234 0.0000
vt 0.0625 0.4766 0.0000
vt 0.0938 0.4766 0.0000
vt 0.0938 0.5234 0.0000
vt 0.0312 0.4766 0.0000
vt 0.0312 0.5234 0.0000
vt 0.0000 0.4766 0.0000
vt 0.0000 0.5234 0.0000
vt 0.2656 0.3906 0.0000
vt 0.2656 0.4219 0.0000
vt 0.2344 0.4219 0.0000
vt 0.2344 0.3906 0.0000
vt 0.5156 0.9297 0.0000
vt 0.5156 0.9609 0.0000
vt 0.4688 0.9609 0.0000
vt 0.4688 0.9297 0.0000
vt 0.5938 0.3984 0.0000
vt 0.5938 0.4297 0.0000
vt 0.5625 0.4297 0.0000
vt 0.5625 0.3984 0.0000
vt 0.3672 0.4219 0.0000
vt 0.3672 0.3828 0.0000
vt 0.3906 0.3828 0.0000
vt 0.3906 0.4219 0.0000
vt 0.5781 0.6875 0.0000
vt 0.6016 0.6875 0.0000
vt 0.6016 0.7266 0.0000
vt 0.5781 0.7266 0.0000
vt 0.2656 0.3828 0.0000
vt 0.2891 0.3828 0.0000
vt 0.2891 0.4219 0.0000
vt 0.6328 0.5859 0.0000
vt 0.6328 0.6094 0.0000
vt 0.6094 0.6094 0.0000
vt 0.6094 0.5859 0.0000
vt 0.3203 0.8828 0.0000
vt 0.3203 0.9062 0.0000
vt 0.2812 0.9062 0.0000
vt 0.2812 0.8828 0.0000
vt 0.3125 0.3672 0.0000
vt 0.3125 0.3906 0.0000
vt 0.2891 0.3906 0.0000
vt 0.2891 0.3672 0.0000
vt 0.2266 1.0000 0.0000
vt 0.2266 0.9688 0.0000
vt 0.2500 0.9688 0.0000
vt 0.2500 1.0000 0.0000
vt 0.4141 0.8672 0.0000
vt 0.4141 0.8984 0.0000
vt 0.0312 0.7969 0.0000
vt 0.0469 0.7969 0.0000
vt 0.0469 0.8281 0.0000
vt 0.0312 0.8281 0.0000
vt 0.3672 0.6719 0.0000
vt 0.3672 0.6875 0.0000
vt 0.3438 0.6875 0.0000
vt 0.6406 0.5703 0.0000
vt 0.6406 0.5859 0.0000
vt 0.6094 0.5703 0.0000
vt 0.4609 0.7031 0.0000
vt 0.4609 0.7188 0.0000
vt 0.4375 0.7188 0.0000
vt 0.4375 0.7031 0.0000
vt 0.0547 0.4609 0.0000
vt 0.0547 0.4297 0.0000
vt 0.0703 0.4297 0.0000
vt 0.0703 0.4609 0.0000
vt 0.2734 0.6328 0.0000
vt 0.2891 0.6328 0.0000
vt 0.2891 0.6641 0.0000
vt 0.2188 0.6641 0.0000
vt 0.2188 0.6953 0.0000
vt 0.2031 0.6953 0.0000
vt 0.2031 0.6250 0.0000
vt 0.6406 0.4375 0.0000
vt 0.6406 0.4531 0.0000
vt 0.6094 0.4531 0.0000
vt 0.1875 0.5078 0.0000
vt 0.1875 0.5234 0.0000
vt 0.1719 0.5234 0.0000
vt 0.1719 0.5078 0.0000
vt 0.1016 0.3750 0.0000
vt 0.1016 0.3516 0.0000
vt 0.1172 0.3516 0.0000
vt 0.1172 0.3750 0.0000
vt 0.6250 0.9531 0.0000
vt 0.6406 0.9531 0.0000
vt 0.6406 0.9766 0.0000
vt 0.6250 0.9766 0.0000
vt 0.1875 0.7734 0.0000
vt 0.2031 0.7734 0.0000
vt 0.2031 0.7969 0.0000
vt 0.1875 0.7969 0.0000
vt 0.5938 0.8125 0.0000
vt 0.5938 0.8281 0.0000
vt 0.5781 0.8281 0.0000
vt 0.5781 0.8125 0.0000
vt 0.3594 0.8516 0.0000
vt 0.3594 0.8672 0.0000
vt 0.3359 0.8672 0.0000
vt 0.3359 0.8516 0.0000
vt 0.1328 0.4453 0.0000
vt 0.1328 0.4609 0.0000
vt 0.1172 0.4609 0.0000
vt 0.1172 0.4453 0.0000
vt 0.1328 0.8516 0.0000
vt 0.1328 0.8281 0.0000
vt 0.1406 0.8281 0.0000
vt 0.1406 0.8516 0.0000
vt 0.1797 0.7812 0.0000
vt 0.1875 0.7812 0.0000
vt 0.1875 0.8047 0.0000
vt 0.1797 0.8047 0.0000
vt 0.0000 0.8906 0.0000
vt 0.0078 0.8906 0.0000
vt 0.0078 0.9141 0.0000
vt 0.0000 0.9141 0.0000
vt 0.0234 0.9375 0.0000
vt 0.0234 0.9453 0.0000
vt 0.0156 0.9453 0.0000
vt 0.0156 0.9375 0.0000
vt 0.0625 0.9922 0.0000
vt 0.0625 1.0000 0.0000
vt 0.0391 1.0000 0.0000
vt 0.0391 0.9922 0.0000
vt 0.1094 0.9922 0.0000
vt 0.1016 1.0000 0.0000
vt 0.1016 0.9922 0.0000
vt 0.0234 0.8125 0.0000
vt 0.0234 0.7969 0.0000
vt 0.0312 0.8125 0.0000
vt 0.0000 0.7734 0.0000
vt 0.0078 0.7734 0.0000
vt 0.0078 0.7891 0.0000
vt 0.0000 0.7891 0.0000
vt 0.0000 0.9844 0.0000
vt 0.0078 0.9844 0.0000
vt 0.0078 1.0000 0.0000
vt 0.0000 1.0000 0.0000
vt 0.0312 0.9531 0.0000
vt 0.0312 0.9609 0.0000
vt 0.0234 0.9609 0.0000
vt 0.0234 0.9531 0.0000
vt 0.0312 0.9453 0.0000
vt 0.0156 0.9531 0.0000
vt 0.1328 0.8438 0.0000
vt 0.1250 0.8516 0.0000
vt 0.1641 0.8906 0.0000
vt 0.1641 0.8750 0.0000
vt 0.1719 0.8750 0.0000
vt 0.1719 0.8906 0.0000
vt 0.2109 0.7734 0.0000
vt 0.2109 0.7891 0.0000
vt 0.2031 0.7891 0.0000
vt 0.1641 0.9844 0.0000
vt 0.1719 0.9844 0.0000
vt 0.1719 1.0000 0.0000
vt 0.1641 1.0000 0.0000
vt 0.0078 0.9531 0.0000
vt 0.0078 0.9609 0.0000
vt 0.0000 0.9609 0.0000
vt 0.0000 0.9531 0.0000
vt 0.0859 1.0000 0.0000
vt 0.0859 0.9922 0.0000
vt 0.1484 0.8438 0.0000
vt 0.1484 0.8516 0.0000
vt 0.1406 0.8438 0.0000
vt 0.0391 0.9766 0.0000
vt 0.0391 0.9688 0.0000
vt 0.0469 0.9688 0.0000
vt 0.0469 0.9766 0.0000
vt 0.0469 0.9844 0.0000
vt 0.0547 0.9844 0.0000
vt 0.0547 0.9922 0.0000
vt 0.0469 0.9922 0.0000
vt 0.0078 0.9922 0.0000
vt 0.0156 0.9922 0.0000
vt 0.0156 1.0000 0.0000
vt 0.1562 0.9766 0.0000
vt 0.1562 0.9844 0.0000
vt 0.1484 0.9844 0.0000
vt 0.1484 0.9766 0.0000
vt 0.0391 0.9609 0.0000
vt 0.0312 0.9688 0.0000
vt 0.0078 0.8828 0.0000
vt 0.0000 0.8828 0.0000
vt 0.5312 0.5312 0.0000
vt 0.5781 0.5312 0.0000
vt 0.5781 0.5547 0.0000
vt 0.5312 0.5547 0.0000
vt 0.5547 0.5000 0.0000
vt 0.5312 0.5000 0.0000
vt 0.5312 0.4531 0.0000
vt 0.5547 0.4531 0.0000
vt 0.4766 0.7578 0.0000
vt 0.4766 0.8047 0.0000
vt 0.4297 0.8047 0.0000
vt 0.4297 0.7578 0.0000
vt 0.3672 0.5222 0.0000
vt 0.3672 0.4953 0.0000
vt 0.4141 0.4965 0.0000
vt 0.4141 0.5234 0.0000
vt 0.1406 0.5234 0.0000
vt 0.1875 0.5703 0.0000
vt 0.1406 0.5703 0.0000
vt 0.5129 0.7266 0.0000
vt 0.5141 0.7734 0.0000
vt 0.4871 0.7734 0.0000
vt 0.4859 0.7266 0.0000
vt 0.0234 0.4609 0.0000
vt 0.0000 0.4609 0.0000
vt 0.0000 0.4141 0.0000
vt 0.0234 0.4141 0.0000
vt 0.5312 0.6875 0.0000
vt 0.5781 0.7109 0.0000
vt 0.5312 0.7109 0.0000
vt 0.0938 0.5703 0.0000
vt 0.4375 0.4005 0.0000
vt 0.4375 0.4453 0.0000
vt 0.4141 0.4446 0.0000
vt 0.4141 0.3998 0.0000
vt 0.0469 0.5703 0.0000
vt 0.0469 0.5234 0.0000
vt 0.5845 0.5078 0.0000
vt 0.5853 0.5312 0.0000
vt 0.5405 0.5312 0.0000
vt 0.5397 0.5078 0.0000
vt 0.5234 0.5781 0.0000
vt 0.5703 0.5781 0.0000
vt 0.5703 0.6016 0.0000
vt 0.5234 0.6016 0.0000
vt 0.3594 0.4844 0.0000
vt 0.3359 0.4844 0.0000
vt 0.3594 0.4375 0.0000
vt 0.4609 0.8516 0.0000
vt 0.4609 0.8984 0.0000
vt 0.4141 0.8516 0.0000
vt 0.4844 0.9285 0.0000
vt 0.4844 0.9015 0.0000
vt 0.5312 0.9027 0.0000
vt 0.5312 0.9297 0.0000
vt 0.4219 0.8047 0.0000
vt 0.4688 0.8047 0.0000
vt 0.4688 0.8516 0.0000
vt 0.4219 0.8516 0.0000
vt 0.5207 0.5703 0.0000
vt 0.5219 0.6172 0.0000
vt 0.4949 0.6172 0.0000
vt 0.4937 0.5703 0.0000
vt 0.0703 0.4766 0.0000
vt 0.0938 0.4297 0.0000
vt 0.5703 0.6250 0.0000
vt 0.5234 0.6250 0.0000
vt 0.0000 0.5703 0.0000
vt 0.5781 0.4630 0.0000
vt 0.5781 0.5078 0.0000
vt 0.5547 0.5071 0.0000
vt 0.5547 0.4623 0.0000
vt 0.4141 0.6562 0.0000
vt 0.4609 0.6562 0.0000
vt 0.5924 0.9766 0.0000
vt 0.5931 1.0000 0.0000
vt 0.5483 1.0000 0.0000
vt 0.5476 0.9766 0.0000
vt 0.1875 0.3750 0.0000
vt 0.2109 0.3750 0.0000
vt 0.2109 0.4141 0.0000
vt 0.1875 0.4141 0.0000
vt 0.3281 0.4141 0.0000
vt 0.2891 0.4141 0.0000
vt 0.3281 0.3906 0.0000
vt 0.0234 0.3750 0.0000
vt 0.0000 0.3750 0.0000
vt 0.0078 0.7578 0.0000
vt 0.0469 0.7578 0.0000
vt 0.0078 0.7969 0.0000
vt 0.5859 0.9531 0.0000
vt 0.5859 0.9766 0.0000
vt 0.5000 0.8516 0.0000
vt 0.5000 0.8906 0.0000
vt 0.4609 0.8906 0.0000
vt 0.6250 0.5312 0.0000
vt 0.5859 0.5312 0.0000
vt 0.5859 0.5078 0.0000
vt 0.6250 0.5078 0.0000
vt 0.5859 0.7266 0.0000
vt 0.6094 0.7266 0.0000
vt 0.6094 0.7656 0.0000
vt 0.5859 0.7656 0.0000
vt 0.6250 0.7656 0.0000
vt 0.6250 0.7891 0.0000
vt 0.5859 0.7891 0.0000
vt 0.4609 0.5469 0.0000
vt 0.4219 0.5469 0.0000
vt 0.4219 0.5078 0.0000
vt 0.4609 0.5078 0.0000
vt 0.1641 0.4141 0.0000
vt 0.1641 0.3750 0.0000
vt 0.5000 0.6719 0.0000
vt 0.5000 0.7109 0.0000
vt 0.4609 0.7109 0.0000
vt 0.4609 0.6719 0.0000
vt 0.5938 0.8594 0.0000
vt 0.5938 0.8359 0.0000
vt 0.6328 0.8359 0.0000
vt 0.6328 0.8594 0.0000
vt 0.2109 0.4062 0.0000
vt 0.2109 0.3672 0.0000
vt 0.2344 0.3672 0.0000
vt 0.2344 0.4062 0.0000
vt 0.5703 0.5703 0.0000
vt 0.6094 0.5938 0.0000
vt 0.5703 0.5938 0.0000
vt 0.5078 0.9609 0.0000
vt 0.5078 1.0000 0.0000
vt 0.4141 0.3828 0.0000
vt 0.4141 0.4219 0.0000
vt 0.5000 0.5078 0.0000
vt 0.5000 0.5469 0.0000
vt 0.5000 0.4141 0.0000
vt 0.5000 0.3750 0.0000
vt 0.5234 0.3750 0.0000
vt 0.5234 0.4141 0.0000
vt 0.5938 1.0000 0.0000
vt 0.5938 0.9766 0.0000
vt 0.6328 0.9766 0.0000
vt 0.6328 1.0000 0.0000
vt 0.6016 0.5078 0.0000
vt 0.5781 0.4688 0.0000
vt 0.6016 0.4688 0.0000
vt 0.2734 0.5312 0.0000
vt 0.2344 0.5312 0.0000
vt 0.2344 0.4922 0.0000
vt 0.2734 0.4922 0.0000
vt 0.6172 0.5312 0.0000
vt 0.6172 0.5547 0.0000
vt 0.5078 0.8125 0.0000
vt 0.5078 0.8516 0.0000
vt 0.4688 0.8125 0.0000
vt 0.6016 0.6250 0.0000
vt 0.6016 0.6094 0.0000
vt 0.6406 0.6094 0.0000
vt 0.6406 0.6250 0.0000
vt 0.4141 0.3984 0.0000
vt 0.4141 0.3594 0.0000
vt 0.4297 0.3594 0.0000
vt 0.4297 0.3984 0.0000
vt 0.3828 0.3672 0.0000
vt 0.4141 0.3672 0.0000
vt 0.3828 0.3828 0.0000
vt 0.5000 0.4609 0.0000
vt 0.5312 0.4609 0.0000
vt 0.5000 0.5000 0.0000
vt 0.3828 0.3516 0.0000
vt 0.5469 0.8281 0.0000
vt 0.5469 0.8594 0.0000
vt 0.5078 0.8594 0.0000
vt 0.5078 0.8281 0.0000
vt 0.1328 0.3984 0.0000
vt 0.1328 0.3594 0.0000
vt 0.1484 0.3594 0.0000
vt 0.1484 0.3984 0.0000
vt 0.6016 0.8750 0.0000
vt 0.6016 0.8594 0.0000
vt 0.6406 0.8594 0.0000
vt 0.6406 0.8750 0.0000
vt 0.6328 0.6562 0.0000
vt 0.6172 0.6562 0.0000
vt 0.6172 0.6250 0.0000
vt 0.6328 0.6250 0.0000
vt 0.5469 1.0000 0.0000
vt 0.5078 0.9688 0.0000
vt 0.5469 0.9688 0.0000
vt 0.2578 0.3828 0.0000
vt 0.2578 0.3672 0.0000
vt 0.2422 0.4531 0.0000
vt 0.2422 0.4922 0.0000
vt 0.2109 0.4922 0.0000
vt 0.2109 0.4531 0.0000
vt 0.0156 0.9141 0.0000
vt 0.3281 0.7344 0.0000
vt 0.2891 0.7188 0.0000
vt 0.3281 0.7188 0.0000
vt 0.0156 0.3438 0.0000
vt 0.0156 0.3750 0.0000
vt 0.0000 0.3438 0.0000
vt 0.5312 0.6719 0.0000
vt 0.6172 0.5391 0.0000
vt 0.6484 0.5391 0.0000
vt 0.6484 0.5547 0.0000
vt 0.2734 0.5781 0.0000
vt 0.2344 0.5781 0.0000
vt 0.6250 0.5703 0.0000
vt 0.5859 0.5703 0.0000
vt 0.5859 0.5547 0.0000
vt 0.6250 0.5547 0.0000
vt 0.4297 0.6172 0.0000
vt 0.4297 0.6562 0.0000
vt 0.6484 0.4531 0.0000
vt 0.6484 0.4688 0.0000
vt 0.6172 0.4688 0.0000
vt 0.6172 0.4531 0.0000
vt 0.5391 0.5312 0.0000
vt 0.5000 0.5312 0.0000
vt 0.5391 0.5000 0.0000
vt 0.6406 0.9062 0.0000
vt 0.6250 0.9062 0.0000
vt 0.6250 0.8750 0.0000
vt 0.5312 0.8594 0.0000
vt 0.5312 0.8984 0.0000
vt 0.5000 0.8984 0.0000
vt 0.5000 0.8594 0.0000
vt 0.6256 0.7366 0.0000
vt 0.6264 0.7278 0.0000
vt 0.6401 0.7291 0.0000
vt 0.6392 0.7379 0.0000
vt 0.5773 0.8480 0.0000
vt 0.5781 0.8568 0.0000
vt 0.5645 0.8581 0.0000
vt 0.5636 0.8493 0.0000
vt 0.1419 0.7912 0.0000
vt 0.1710 0.8045 0.0000
vt 0.1673 0.8125 0.0000
vt 0.1382 0.7992 0.0000
vt 0.4079 0.9569 0.0000
vt 0.4240 0.9844 0.0000
vt 0.4121 0.9914 0.0000
vt 0.3960 0.9638 0.0000
vt 0.3581 0.4967 0.0000
vt 0.3290 0.5100 0.0000
vt 0.3239 0.4988 0.0000
vt 0.3530 0.4855 0.0000
vt 0.2208 0.5285 0.0000
vt 0.2144 0.5598 0.0000
vt 0.2009 0.5570 0.0000
vt 0.2073 0.5257 0.0000
vt 0.2500 0.8594 0.0000
vt 0.2500 0.8672 0.0000
vt 0.2422 0.8672 0.0000
vt 0.2422 0.8594 0.0000
vt 0.5762 0.8358 0.0000
vt 0.5625 0.8371 0.0000
vt 0.1470 0.7800 0.0000
vt 0.1761 0.7933 0.0000
vt 0.3618 0.5047 0.0000
vt 0.3327 0.5180 0.0000
vt 0.6119 0.7354 0.0000
vt 0.6127 0.7266 0.0000
vt 0.6537 0.7304 0.0000
vt 0.6529 0.7392 0.0000
vt 0.5910 0.8467 0.0000
vt 0.5918 0.8555 0.0000
vt 0.5508 0.8594 0.0000
vt 0.5500 0.8506 0.0000
vt 0.4197 0.9499 0.0000
vt 0.4358 0.9775 0.0000
vt 0.4003 0.9983 0.0000
vt 0.3842 0.9707 0.0000
vt 0.2342 0.5312 0.0000
vt 0.2278 0.5625 0.0000
vt 0.1875 0.5543 0.0000
vt 0.1939 0.5230 0.0000
vt 0.1797 0.7891 0.0000
vt 0.1719 0.7891 0.0000
vt 0.1719 0.7812 0.0000
vt 0.2344 0.9688 0.0000
vt 0.2344 0.9609 0.0000
vt 0.2422 0.9609 0.0000
vt 0.2422 0.9688 0.0000
vt 0.5898 0.8345 0.0000
vt 0.5488 0.8384 0.0000
vt 0.3940 0.9557 0.0000
vt 0.4018 0.9512 0.0000
vt 0.1250 0.5904 0.0000
vt 0.1172 0.5885 0.0000
vt 0.1172 0.5800 0.0000
vt 0.1250 0.5781 0.0000
vt 0.2836 0.8750 0.0000
vt 0.2926 0.8750 0.0000
vt 0.2950 0.8828 0.0000
vt 0.3672 0.8047 0.0000
vt 0.3691 0.7969 0.0000
vt 0.3775 0.7969 0.0000
vt 0.3794 0.8047 0.0000
vt 0.3828 0.9637 0.0000
vt 0.3905 0.9592 0.0000
vt 0.1364 0.7866 0.0000
vt 0.1400 0.7789 0.0000
vt 0.0547 0.8516 0.0000
vt 0.0571 0.8438 0.0000
vt 0.0660 0.8438 0.0000
vt 0.0684 0.8516 0.0000
vt 0.1016 0.7031 0.0000
vt 0.1035 0.6953 0.0000
vt 0.1119 0.6953 0.0000
vt 0.1138 0.7031 0.0000
vt 0.1328 0.9844 0.0000
vt 0.1352 0.9766 0.0000
vt 0.1442 0.9766 0.0000
vt 0.1465 0.9844 0.0000
vt 0.3600 0.4844 0.0000
vt 0.3636 0.4921 0.0000
vt 0.4065 0.9498 0.0000
vt 0.4142 0.9453 0.0000
vt 0.4297 0.5591 0.0000
vt 0.4219 0.5572 0.0000
vt 0.4219 0.5488 0.0000
vt 0.4297 0.5469 0.0000
vt 0.6178 0.4713 0.0000
vt 0.6314 0.4700 0.0000
vt 0.6322 0.4788 0.0000
vt 0.6186 0.4801 0.0000
vt 0.5918 0.8112 0.0000
vt 0.5781 0.8100 0.0000
vt 0.5789 0.8012 0.0000
vt 0.5926 0.8024 0.0000
vt 0.2859 0.5234 0.0000
vt 0.2822 0.5154 0.0000
vt 0.3112 0.5021 0.0000
vt 0.3149 0.5101 0.0000
vt 0.4004 0.8039 0.0000
vt 0.3885 0.7969 0.0000
vt 0.4046 0.7694 0.0000
vt 0.4165 0.7763 0.0000
vt 0.2229 0.4988 0.0000
vt 0.2178 0.5100 0.0000
vt 0.1888 0.4967 0.0000
vt 0.1939 0.4855 0.0000
vt 0.4709 0.7523 0.0000
vt 0.4575 0.7551 0.0000
vt 0.4511 0.7238 0.0000
vt 0.4646 0.7211 0.0000
vt 0.1641 0.7734 0.0000
vt 0.1641 0.7812 0.0000
vt 0.1562 0.7812 0.0000
vt 0.1562 0.7734 0.0000
vt 0.5801 0.7890 0.0000
vt 0.5937 0.7902 0.0000
vt 0.2771 0.5043 0.0000
vt 0.3061 0.4910 0.0000
vt 0.2141 0.5180 0.0000
vt 0.1851 0.5047 0.0000
vt 0.6451 0.4688 0.0000
vt 0.6459 0.4775 0.0000
vt 0.6049 0.4814 0.0000
vt 0.6041 0.4726 0.0000
vt 0.5645 0.8087 0.0000
vt 0.5653 0.7999 0.0000
vt 0.6063 0.8037 0.0000
vt 0.6055 0.8125 0.0000
vt 0.3767 0.7900 0.0000
vt 0.3928 0.7624 0.0000
vt 0.4283 0.7832 0.0000
vt 0.4122 0.8108 0.0000
vt 0.4440 0.7578 0.0000
vt 0.4377 0.7265 0.0000
vt 0.4780 0.7183 0.0000
vt 0.4844 0.7496 0.0000
vt 0.3125 0.7344 0.0000
vt 0.3125 0.7422 0.0000
vt 0.3047 0.7422 0.0000
vt 0.3047 0.7344 0.0000
vt 0.2422 0.9531 0.0000
vt 0.2422 0.9453 0.0000
vt 0.2500 0.9453 0.0000
vt 0.2500 0.9531 0.0000
vt 0.5664 0.7877 0.0000
vt 0.6074 0.7915 0.0000
vt 0.4107 0.7637 0.0000
vt 0.4185 0.7682 0.0000
vt 0.0878 0.6953 0.0000
vt 0.0963 0.6953 0.0000
vt 0.0982 0.7031 0.0000
vt 0.0859 0.7031 0.0000
vt 0.3438 0.7086 0.0000
vt 0.3438 0.6996 0.0000
vt 0.3516 0.6972 0.0000
vt 0.3516 0.7109 0.0000
vt 0.4375 0.9088 0.0000
vt 0.4375 0.9003 0.0000
vt 0.4453 0.8984 0.0000
vt 0.4453 0.9107 0.0000
vt 0.4220 0.7717 0.0000
vt 0.4297 0.7762 0.0000
vt 0.3132 0.4898 0.0000
vt 0.3167 0.4975 0.0000
vt 0.0000 0.7711 0.0000
vt 0.0000 0.7621 0.0000
vt 0.0078 0.7597 0.0000
vt 0.3828 0.9479 0.0000
vt 0.3828 0.9394 0.0000
vt 0.3906 0.9375 0.0000
vt 0.3906 0.9498 0.0000
vt 0.2188 0.9976 0.0000
vt 0.2188 0.9887 0.0000
vt 0.2266 0.9863 0.0000
vt 0.1833 0.4921 0.0000
vt 0.1868 0.4844 0.0000
vt 0.3983 0.7578 0.0000
vt 0.4060 0.7623 0.0000
vt 0.4160 0.9922 0.0000
vt 0.4244 0.9922 0.0000
vt 0.4263 1.0000 0.0000
vt 0.4141 1.0000 0.0000
vt 0.1854 0.8988 0.0000
vt 0.1917 0.8926 0.0000
vt 0.2013 0.9024 0.0000
vt 0.1950 0.9086 0.0000
vt 0.4685 0.9118 0.0000
vt 0.4747 0.9180 0.0000
vt 0.4651 0.9277 0.0000
vt 0.4588 0.9215 0.0000
vt 0.5112 0.4280 0.0000
vt 0.5167 0.4594 0.0000
vt 0.5080 0.4609 0.0000
vt 0.5025 0.4295 0.0000
vt 0.2618 0.5399 0.0000
vt 0.2674 0.5713 0.0000
vt 0.2539 0.5737 0.0000
vt 0.2482 0.5423 0.0000
vt 0.5513 0.4148 0.0000
vt 0.5458 0.4463 0.0000
vt 0.5337 0.4442 0.0000
vt 0.5393 0.4127 0.0000
vt 0.4080 0.5286 0.0000
vt 0.4024 0.5601 0.0000
vt 0.3889 0.5577 0.0000
vt 0.3945 0.5262 0.0000
vt 0.0234 0.8047 0.0000
vt 0.0156 0.8047 0.0000
vt 0.0156 0.7969 0.0000
vt 0.4597 0.9032 0.0000
vt 0.4501 0.9129 0.0000
vt 0.5232 0.4258 0.0000
vt 0.5288 0.4573 0.0000
vt 0.5600 0.4164 0.0000
vt 0.5545 0.4478 0.0000
vt 0.1758 0.8890 0.0000
vt 0.1821 0.8828 0.0000
vt 0.2109 0.9121 0.0000
vt 0.2046 0.9183 0.0000
vt 0.4781 0.9020 0.0000
vt 0.4844 0.9082 0.0000
vt 0.4555 0.9375 0.0000
vt 0.4492 0.9313 0.0000
vt 0.2753 0.5375 0.0000
vt 0.2809 0.5689 0.0000
vt 0.2404 0.5762 0.0000
vt 0.2347 0.5447 0.0000
vt 0.4215 0.5311 0.0000
vt 0.4159 0.5625 0.0000
vt 0.3754 0.5552 0.0000
vt 0.3810 0.5238 0.0000
vt 0.2188 0.9922 0.0000
vt 0.2188 1.0000 0.0000
vt 0.2109 1.0000 0.0000
vt 0.2109 0.9922 0.0000
vt 0.0391 0.8359 0.0000
vt 0.0391 0.8281 0.0000
vt 0.0469 0.8359 0.0000
vt 0.4693 0.8934 0.0000
vt 0.4405 0.9227 0.0000
vt 0.2492 0.5340 0.0000
vt 0.2580 0.5324 0.0000
vt 0.4375 0.9966 0.0000
vt 0.4297 0.9947 0.0000
vt 0.4297 0.9863 0.0000
vt 0.4375 0.9844 0.0000
vt 0.2275 0.8672 0.0000
vt 0.2299 0.8594 0.0000
vt 0.2389 0.8594 0.0000
vt 0.2412 0.8672 0.0000
vt 0.3438 0.6953 0.0000
vt 0.3456 0.6875 0.0000
vt 0.3541 0.6875 0.0000
vt 0.3560 0.6953 0.0000
vt 0.2359 0.5377 0.0000
vt 0.2447 0.5361 0.0000
vt 0.5118 0.4208 0.0000
vt 0.5202 0.4194 0.0000
vt 0.1728 1.0000 0.0000
vt 0.1752 0.9922 0.0000
vt 0.1842 0.9922 0.0000
vt 0.1865 1.0000 0.0000
vt 0.0625 0.5781 0.0000
vt 0.0644 0.5703 0.0000
vt 0.0729 0.5703 0.0000
vt 0.0748 0.5781 0.0000
vt 0.1338 0.8125 0.0000
vt 0.1361 0.8047 0.0000
vt 0.1451 0.8047 0.0000
vt 0.1475 0.8125 0.0000
vt 0.5423 0.4062 0.0000
vt 0.5507 0.4077 0.0000
vt 0.2629 0.5328 0.0000
vt 0.2717 0.5312 0.0000
vt 0.0703 0.6294 0.0000
vt 0.0625 0.6275 0.0000
vt 0.0625 0.6191 0.0000
vt 0.0703 0.6172 0.0000
vt 0.5018 0.5508 0.0000
vt 0.5114 0.5410 0.0000
vt 0.5177 0.5472 0.0000
vt 0.5081 0.5570 0.0000
vt 0.0193 0.9902 0.0000
vt 0.0096 0.9805 0.0000
vt 0.0159 0.9742 0.0000
vt 0.0256 0.9840 0.0000
vt 0.2264 0.4531 0.0000
vt 0.2177 0.4516 0.0000
vt 0.2232 0.4201 0.0000
vt 0.2319 0.4217 0.0000
vt 0.3086 0.5659 0.0000
vt 0.2951 0.5635 0.0000
vt 0.3007 0.5321 0.0000
vt 0.3143 0.5345 0.0000
vt 0.1460 0.4364 0.0000
vt 0.1339 0.4385 0.0000
vt 0.1284 0.4070 0.0000
vt 0.1404 0.4049 0.0000
vt 0.3611 0.5577 0.0000
vt 0.3476 0.5601 0.0000
vt 0.3420 0.5286 0.0000
vt 0.3555 0.5262 0.0000
vt 0.2109 0.8906 0.0000
vt 0.2109 0.8984 0.0000
vt 0.2031 0.8984 0.0000
vt 0.2031 0.8906 0.0000
vt 0.0247 0.9656 0.0000
vt 0.0343 0.9754 0.0000
vt 0.2056 0.4495 0.0000
vt 0.2111 0.4180 0.0000
vt 0.1252 0.4400 0.0000
vt 0.1197 0.4086 0.0000
vt 0.5211 0.5312 0.0000
vt 0.5274 0.5375 0.0000
vt 0.4985 0.5668 0.0000
vt 0.4922 0.5606 0.0000
vt 0.0096 0.9804 0.0000
vt 0.0000 0.9707 0.0000
vt 0.0063 0.9645 0.0000
vt 0.0352 0.9938 0.0000
vt 0.0289 1.0000 0.0000
vt 0.2816 0.5611 0.0000
vt 0.2872 0.5297 0.0000
vt 0.3278 0.5369 0.0000
vt 0.3221 0.5684 0.0000
vt 0.3341 0.5625 0.0000
vt 0.3285 0.5311 0.0000
vt 0.3690 0.5238 0.0000
vt 0.3746 0.5552 0.0000
vt 0.1875 0.9062 0.0000
vt 0.1875 0.9141 0.0000
vt 0.1797 0.9141 0.0000
vt 0.1797 0.9062 0.0000
vt 0.1719 0.9062 0.0000
vt 0.1719 0.8984 0.0000
vt 0.1797 0.8984 0.0000
vt 0.0150 0.9559 0.0000
vt 0.0439 0.9852 0.0000
vt 0.3045 0.5246 0.0000
vt 0.3133 0.5262 0.0000
vt 0.1191 0.6953 0.0000
vt 0.1275 0.6953 0.0000
vt 0.1294 0.7031 0.0000
vt 0.1172 0.7031 0.0000
vt 0.3516 0.8473 0.0000
vt 0.3516 0.8383 0.0000
vt 0.3594 0.8359 0.0000
vt 0.3594 0.8497 0.0000
vt 0.4297 0.9557 0.0000
vt 0.4297 0.9472 0.0000
vt 0.4375 0.9576 0.0000
vt 0.3178 0.5283 0.0000
vt 0.3266 0.5299 0.0000
vt 0.2142 0.4115 0.0000
vt 0.2225 0.4130 0.0000
vt 0.2422 0.9645 0.0000
vt 0.2422 0.9555 0.0000
vt 0.2500 0.9668 0.0000
vt 0.3828 0.9947 0.0000
vt 0.3828 0.9863 0.0000
vt 0.3906 0.9844 0.0000
vt 0.3906 0.9966 0.0000
vt 0.2188 0.7457 0.0000
vt 0.2188 0.7368 0.0000
vt 0.2266 0.7344 0.0000
vt 0.2266 0.7481 0.0000
vt 0.1290 0.3999 0.0000
vt 0.1374 0.3984 0.0000
vt 0.2908 0.5234 0.0000
vt 0.2996 0.5250 0.0000
vt 0.1269 0.6250 0.0000
vt 0.1354 0.6250 0.0000
vt 0.1373 0.6328 0.0000
vt 0.1250 0.6328 0.0000
vt 0.2048 1.0000 0.0000
vt 0.1756 0.9850 0.0000
vt 0.2050 0.9305 0.0000
vt 0.2469 0.9366 0.0000
vt 0.1390 0.9661 0.0000
vt 0.0621 0.9913 0.0000
vt 0.1474 0.8535 0.0000
vt 0.1715 0.9112 0.0000
vt 0.0422 0.9596 0.0000
vt 0.1119 0.8658 0.0000
vt 0.0731 0.8653 0.0000
vt 0.0223 0.9279 0.0000
vt 0.0031 0.8671 0.0000
vt 0.0424 0.8466 0.0000
vt 0.0037 0.7916 0.0000
vt 0.2578 0.3906 0.0000
vt 0.6328 0.7969 0.0000
vt 0.6328 0.8203 0.0000
vt 0.6094 0.8203 0.0000
vt 0.3438 0.6328 0.0000
vt 0.3281 0.6328 0.0000
vt 0.6016 0.3984 0.0000
vt 0.5781 0.3984 0.0000
vt 0.5781 0.3750 0.0000
vt 0.4531 0.3750 0.0000
vt 0.4766 0.3750 0.0000
vt 0.4766 0.3984 0.0000
vt 0.4531 0.3984 0.0000
vt 0.6016 0.4844 0.0000
vt 0.6250 0.4844 0.0000
vt 0.6307 0.7212 0.0000
vt 0.6255 0.7166 0.0000
vt 0.6249 0.7002 0.0000
vt 0.6297 0.6953 0.0000
vt 0.6047 0.7222 0.0000
vt 0.6095 0.7172 0.0000
vt 0.6037 0.6963 0.0000
vt 0.6089 0.7009 0.0000
vt 0.5938 0.6562 0.0000
vt 0.5234 0.6562 0.0000
vt 0.5234 0.6406 0.0000
vt 0.5938 0.6406 0.0000
vt 0.5156 0.5703 0.0000
vt 0.5156 0.5547 0.0000
vt 0.2891 0.4844 0.0000
vt 0.3047 0.4141 0.0000
vt 0.3047 0.4844 0.0000
vt 0.3984 0.4922 0.0000
vt 0.3984 0.4219 0.0000
vt 0.4141 0.4922 0.0000
vt 0.1953 0.3594 0.0000
vt 0.1953 0.3750 0.0000
vt 0.1797 0.3750 0.0000
vt 0.1797 0.3594 0.0000
vt 0.6406 0.5547 0.0000
vt 0.5000 0.3984 0.0000
vt 0.5000 0.4688 0.0000
vt 0.4844 0.4688 0.0000
vt 0.4844 0.3984 0.0000
vt 0.1875 0.4844 0.0000
vt 0.1719 0.4844 0.0000
vt 0.1719 0.4141 0.0000
vt 0.5312 0.8906 0.0000
vt 0.6016 0.8906 0.0000
vt 0.6016 0.9062 0.0000
vt 0.5312 0.9062 0.0000
vt 0.0859 0.4297 0.0000
vt 0.0547 0.3984 0.0000
vt 0.0859 0.3984 0.0000
vt 0.5938 0.4609 0.0000
vt 0.5625 0.4609 0.0000
vt 0.5938 0.6250 0.0000
vt 0.1328 0.3750 0.0000
vt 0.1016 0.3984 0.0000
vt 0.6250 0.4219 0.0000
vt 0.0781 0.3672 0.0000
vt 0.1016 0.3672 0.0000
vt 0.0781 0.3984 0.0000
vt 0.1641 0.3594 0.0000
vt 0.1484 0.3750 0.0000
vt 0.0391 0.3906 0.0000
vt 0.0391 0.4609 0.0000
vt 0.0234 0.3906 0.0000
vt 0.5156 0.7578 0.0000
vt 0.5859 0.7578 0.0000
vt 0.5859 0.7734 0.0000
vt 0.5156 0.7734 0.0000
vt 0.3828 0.4219 0.0000
vt 0.3828 0.4922 0.0000
vt 0.3672 0.4922 0.0000
vt 0.4688 0.3594 0.0000
vt 0.4844 0.3594 0.0000
vt 0.4844 0.3750 0.0000
vt 0.4688 0.3750 0.0000
vt 0.6406 0.5234 0.0000
vt 0.6250 0.5234 0.0000
vt 0.6406 0.5078 0.0000
vt 0.3203 0.4141 0.0000
vt 0.3203 0.4844 0.0000
vt 0.5156 0.9375 0.0000
vt 0.5859 0.9375 0.0000
vt 0.5156 0.9531 0.0000
vt 0.5312 0.9219 0.0000
vt 0.6016 0.9219 0.0000
vt 0.6016 0.9375 0.0000
vt 0.5312 0.9375 0.0000
vt 0.2891 0.4922 0.0000
vt 0.2734 0.4219 0.0000
vt 0.5547 0.3750 0.0000
vt 0.5000 0.3594 0.0000
vt 0.1719 0.4375 0.0000
vt 0.1562 0.5234 0.0000
vt 0.1562 0.4375 0.0000
vt 0.1118 0.4375 0.0000
vt 0.1140 0.5234 0.0000
vt 0.0991 0.5234 0.0000
vt 0.0970 0.4375 0.0000
vt 0.4766 0.7734 0.0000
vt 0.5625 0.7734 0.0000
vt 0.5625 0.7891 0.0000
vt 0.4766 0.7891 0.0000
vt 0.4766 0.8039 0.0000
vt 0.5625 0.7912 0.0000
vt 0.5625 0.8060 0.0000
vt 0.1353 0.9738 0.0000
vt 0.0682 0.9959 0.0000
vt 0.1780 0.8828 0.0000
vt 0.1360 0.8194 0.0000
vt 0.1778 0.8133 0.0000
vt 0.2072 0.8678 0.0000
vt 0.2354 0.7363 0.0000
vt 0.3207 0.8742 0.0000
vt 0.2438 0.8489 0.0000
vt 0.2113 0.7940 0.0000
vt 0.2710 0.7486 0.0000
vt 0.3406 0.8425 0.0000
vt 0.3097 0.7482 0.0000
vt 0.3404 0.7294 0.0000
vt 0.3797 0.7499 0.0000
vt 0.3605 0.8108 0.0000
vt 0.3791 0.6745 0.0000
vt 0.0469 0.3672 0.0000
vt 0.0469 0.3906 0.0000
vt 0.0234 0.3672 0.0000
vt 0.6328 0.7422 0.0000
vt 0.6328 0.7656 0.0000
vt 0.6094 0.7422 0.0000
vt 0.2109 0.8750 0.0000
vt 0.1953 0.8906 0.0000
vt 0.1953 0.8750 0.0000
vt 0.6250 0.3750 0.0000
vt 0.5547 0.3984 0.0000
vt 0.6095 0.6690 0.0000
vt 0.6089 0.6854 0.0000
vt 0.6037 0.6899 0.0000
vt 0.6047 0.6641 0.0000
vt 0.6249 0.6860 0.0000
vt 0.6297 0.6909 0.0000
vt 0.6255 0.6696 0.0000
vt 0.6307 0.6651 0.0000
vt 0.2031 0.4141 0.0000
vt 0.2031 0.4844 0.0000
vt 0.2422 0.4219 0.0000
vt 0.2578 0.4219 0.0000
vt 0.2578 0.4922 0.0000
vt 0.5156 0.7422 0.0000
vt 0.5156 0.7266 0.0000
vt 0.5859 0.7422 0.0000
vt 0.6406 0.7734 0.0000
vt 0.6406 0.7891 0.0000
vt 0.6250 0.7734 0.0000
vt 0.2109 0.3594 0.0000
vt 0.5312 0.8750 0.0000
vt 0.4688 0.4688 0.0000
vt 0.4688 0.3984 0.0000
vt 0.1172 0.3984 0.0000
vt 0.1172 0.4297 0.0000
vt 0.6016 0.5938 0.0000
vt 0.6328 0.9531 0.0000
vt 0.6016 0.9531 0.0000
vt 0.6016 0.9297 0.0000
vt 0.6328 0.9297 0.0000
vt 0.0547 0.3672 0.0000
vt 0.6328 0.9062 0.0000
vt 0.1172 0.3594 0.0000
vt 0.0547 0.3906 0.0000
vt 0.6406 0.5391 0.0000
vt 0.6250 0.5391 0.0000
vt 0.4531 0.3594 0.0000
vt 0.3359 0.4922 0.0000
vt 0.3203 0.4922 0.0000
vt 0.3203 0.4219 0.0000
vt 0.3359 0.4219 0.0000
vt 0.4531 0.4688 0.0000
vt 0.5859 0.9688 0.0000
vt 0.5156 0.9688 0.0000
vt 0.5156 0.3594 0.0000
vt 0.5156 0.3750 0.0000
vt 0.6406 0.4922 0.0000
vt 0.6250 0.4922 0.0000
vt 0.5469 0.6562 0.0000
vt 0.5469 0.6719 0.0000
vt 0.5686 0.7109 0.0000
vt 0.5690 0.7266 0.0000
vt 0.4860 0.7266 0.0000
vt 0.4857 0.7109 0.0000
vt 0.1406 0.4375 0.0000
vt 0.4531 0.4223 0.0000
vt 0.4531 0.5052 0.0000
vt 0.4375 0.5049 0.0000
vt 0.3147 0.8787 0.0000
vt 0.2475 0.8567 0.0000
# 1325 texture coords

o Dragon_PC
g Dragon_PC
usemtl m_cb2d615f_d4c9_f208_87e5_2cfd689e00cb
s 1
f 1/1/1 2/2/1 3/3/1 4/4/1 
f 5/5/2 6/6/2 7/7/2 8/8/2 
f 3/9/3 5/10/3 8/11/3 4/12/3 
f 2/13/4 6/14/4 5/15/4 3/16/4 
f 1/17/5 7/18/5 6/19/5 2/20/5 
f 4/21/6 8/22/6 7/14/6 1/13/6 
f 9/23/7 10/24/7 11/25/7 12/26/7 
f 13/27/8 14/28/8 15/29/8 16/30/8 
f 12/31/9 14/32/9 13/33/9 9/34/9 
f 11/35/10 15/36/10 14/37/10 12/38/10 
f 11/39/11 10/40/11 16/41/11 15/42/11 
f 9/43/12 13/44/12 16/45/12 10/46/12 
f 17/47/13 18/48/13 19/49/13 20/50/13 
f 21/51/14 22/52/14 23/53/14 24/54/14 
f 21/55/15 24/56/15 18/57/15 17/58/15 
f 24/45/16 23/59/16 19/60/16 18/46/16 
f 19/61/17 23/62/17 22/63/17 20/64/17 
f 22/37/18 21/65/18 17/66/18 20/38/18 
f 25/67/19 26/68/19 27/69/19 28/70/19 
f 29/71/20 30/72/20 31/73/20 32/74/20 
f 33/75/3 34/76/3 35/77/3 36/78/3 
f 26/79/21 37/80/21 38/81/21 27/82/21 
f 39/83/22 40/84/22 41/85/22 42/86/22 
f 43/87/6 44/88/6 45/89/6 46/90/6 
f 47/91/3 48/92/3 35/77/3 34/76/3 
f 29/93/21 37/80/21 49/94/21 50/95/21 
f 51/96/5 52/97/5 41/85/5 40/84/5 
f 30/98/23 53/99/23 54/100/23 31/101/23 
f 39/102/24 42/103/24 55/104/24 56/105/24 
f 56/105/24 55/104/24 26/68/24 25/67/24 
f 33/106/24 36/107/24 28/70/24 27/69/24 
f 52/108/25 51/109/25 57/110/25 50/111/25 
f 50/111/20 57/110/20 30/72/20 29/71/20 
f 48/112/25 47/113/25 32/74/25 31/73/25 
f 42/114/26 41/115/26 49/94/26 55/116/26 
f 55/116/26 49/94/26 37/80/26 26/79/26 
f 34/117/26 33/118/26 27/82/26 38/81/26 
f 36/119/6 35/120/6 54/100/6 28/121/6 
f 58/122/6 59/123/6 44/88/6 43/87/6 
f 40/124/27 39/125/27 56/126/27 60/127/27 
f 47/128/26 34/117/26 38/81/26 32/129/26 
f 32/129/26 38/81/26 37/80/26 29/93/26 
f 41/115/26 52/130/26 50/95/26 49/94/26 
f 51/131/28 40/124/28 60/127/28 57/132/28 
f 57/132/6 60/127/6 53/99/6 30/98/6 
f 35/120/27 48/133/27 31/101/27 54/100/27 
f 28/70/29 58/134/29 43/135/29 25/67/29 
f 54/136/3 59/137/3 58/138/3 28/5/3 
f 53/139/25 44/140/25 59/141/25 54/142/25 
f 60/143/25 45/144/25 44/140/25 53/139/25 
f 56/145/5 46/146/5 45/147/5 60/148/5 
f 25/67/30 43/135/30 46/149/30 56/105/30 
f 61/150/31 62/151/31 63/152/31 64/153/31 
f 65/154/32 66/155/32 67/156/32 68/157/32 
f 69/158/3 70/159/3 71/160/3 72/161/3 
f 62/162/33 73/163/33 74/164/33 63/165/33 
f 75/166/5 76/167/5 77/168/5 78/169/5 
f 64/170/34 79/171/34 80/172/34 61/173/34 
f 61/150/31 75/174/31 78/175/31 62/151/31 
f 69/176/35 72/177/35 64/153/35 63/152/35 
f 77/178/32 76/179/32 80/180/32 73/181/32 
f 79/182/32 71/183/32 70/184/32 74/185/32 
f 78/186/33 77/187/33 73/163/33 62/162/33 
f 70/188/33 69/189/33 63/165/33 74/164/33 
f 72/190/36 71/191/36 79/171/36 64/170/36 
f 76/192/36 75/193/36 61/173/36 80/172/36 
f 73/163/37 65/194/37 68/195/37 74/164/37 
f 80/196/38 66/197/38 65/198/38 73/199/38 
f 79/171/39 67/200/39 66/201/39 80/172/39 
f 74/202/40 68/203/40 67/204/40 79/205/40 
f 81/206/41 82/207/41 83/208/41 84/209/41 
f 85/210/42 86/211/42 87/212/42 88/213/42 
f 89/214/3 90/215/3 91/216/3 92/217/3 
f 82/218/43 93/219/43 94/220/43 83/221/43 
f 95/222/5 96/223/5 97/224/5 98/225/5 
f 84/226/44 99/227/44 100/228/44 81/229/44 
f 95/230/41 98/231/41 82/207/41 81/206/41 
f 89/232/41 92/233/41 84/209/41 83/208/41 
f 97/234/42 96/235/42 100/236/42 93/237/42 
f 91/238/42 90/239/42 94/240/42 99/241/42 
f 98/242/45 97/243/45 93/219/45 82/218/45 
f 90/244/45 89/245/45 83/221/45 94/220/45 
f 92/246/44 91/247/44 99/227/44 84/226/44 
f 96/248/44 95/249/44 81/229/44 100/228/44 
f 93/219/43 85/250/43 88/251/43 94/220/43 
f 100/252/46 86/253/46 85/254/46 93/255/46 
f 99/227/47 87/256/47 86/257/47 100/228/47 
f 94/258/48 88/259/48 87/260/48 99/261/48 
f 101/262/49 102/263/49 103/264/49 104/265/49 
f 105/266/50 106/267/50 107/268/50 108/269/50 
f 109/270/3 110/271/3 111/272/3 112/273/3 
f 102/274/51 113/275/51 114/276/51 103/277/51 
f 115/278/5 116/279/5 117/280/5 118/281/5 
f 104/282/52 119/283/52 120/284/52 101/285/52 
f 101/262/49 115/286/49 118/287/49 102/263/49 
f 109/288/49 112/289/49 104/265/49 103/264/49 
f 117/290/50 116/291/50 120/292/50 113/293/50 
f 119/294/50 111/295/50 110/296/50 114/297/50 
f 118/298/51 117/299/51 113/275/51 102/274/51 
f 110/300/51 109/301/51 103/277/51 114/276/51 
f 112/302/52 111/303/52 119/283/52 104/282/52 
f 116/304/52 115/305/52 101/285/52 120/284/52 
f 113/275/45 105/306/45 108/307/45 114/276/45 
f 120/308/53 106/309/53 105/310/53 113/311/53 
f 119/283/54 107/312/54 106/313/54 120/284/54 
f 119/314/55 114/315/55 108/316/55 107/317/55 
f 121/318/49 122/319/49 123/320/49 124/321/49 
f 125/322/56 126/319/56 127/318/56 128/323/56 
f 123/324/3 125/322/3 128/323/3 124/325/3 
f 122/326/51 126/327/51 125/328/51 123/329/51 
f 121/330/5 127/331/5 126/332/5 122/333/5 
f 124/334/52 128/335/52 127/336/52 121/337/52 
f 129/338/49 130/339/49 131/340/49 132/341/49 
f 133/342/50 134/343/50 135/344/50 136/345/50 
f 131/346/3 133/347/3 136/348/3 132/327/3 
f 130/349/51 134/350/51 133/351/51 131/352/51 
f 129/353/5 135/354/5 134/355/5 130/356/5 
f 132/357/57 136/358/57 135/359/57 129/360/57 
f 137/361/49 138/362/49 139/363/49 140/364/49 
f 141/222/50 142/365/50 143/366/50 144/270/50 
f 139/367/3 141/368/3 144/369/3 140/370/3 
f 138/371/51 142/372/51 141/373/51 139/6/51 
f 137/374/5 143/375/5 142/352/5 138/376/5 
f 140/377/52 144/378/52 143/379/52 137/380/52 
f 145/381/49 146/382/49 147/383/49 148/384/49 
f 149/385/50 150/386/50 151/387/50 152/2/50 
f 147/3/3 149/388/3 152/389/3 148/390/3 
f 146/4/58 150/391/58 149/19/58 147/280/58 
f 145/392/5 151/393/5 150/394/5 146/254/5 
f 148/395/52 152/396/52 151/397/52 145/398/52 
f 153/399/59 154/400/59 155/401/59 156/402/59 
f 157/403/50 158/404/50 159/405/50 160/406/50 
f 155/407/3 157/408/3 160/409/3 156/410/3 
f 154/411/58 158/412/58 157/413/58 155/414/58 
f 153/415/22 159/416/22 158/417/22 154/418/22 
f 156/419/52 160/420/52 159/421/52 153/422/52 
f 161/423/59 162/424/59 163/425/59 164/426/59 
f 165/427/60 166/428/60 167/429/60 168/430/60 
f 163/431/3 165/432/3 168/433/3 164/434/3 
f 162/435/51 166/436/51 165/437/51 163/438/51 
f 161/439/5 167/440/5 166/441/5 162/442/5 
f 164/443/61 168/30/61 167/444/61 161/445/61 
f 169/446/59 170/447/59 171/367/59 172/448/59 
f 173/449/50 174/450/50 175/451/50 176/452/50 
f 171/453/3 173/454/3 176/455/3 172/456/3 
f 170/457/62 174/458/62 173/459/62 171/460/62 
f 169/461/5 175/457/5 174/462/5 170/437/5 
f 172/463/52 176/423/52 175/464/52 169/48/52 
f 177/465/63 178/466/63 179/467/63 180/468/63 
f 181/408/50 182/469/50 183/470/50 184/471/50 
f 179/472/3 181/473/3 184/474/3 180/475/3 
f 178/476/64 182/477/64 181/478/64 179/479/64 
f 177/445/5 183/444/5 182/480/5 178/481/5 
f 180/482/65 184/483/65 183/426/65 177/484/65 
f 185/485/49 186/486/49 187/487/49 188/488/49 
f 189/489/60 190/490/60 191/491/60 192/492/60 
f 187/493/3 189/494/3 192/495/3 188/455/3 
f 186/496/51 190/497/51 189/498/51 187/499/51 
f 185/500/5 191/486/5 190/501/5 186/458/5 
f 188/502/61 192/432/61 191/431/61 185/503/61 
f 193/504/66 194/505/66 195/506/66 196/507/66 
f 197/508/67 198/509/67 199/510/67 200/511/67 
f 195/512/68 197/513/68 200/514/68 196/515/68 
f 195/516/69 194/517/69 198/518/69 197/519/69 
f 193/520/70 199/396/70 198/521/70 194/522/70 
f 196/523/71 200/524/71 199/525/71 193/526/71 
f 201/527/72 202/528/72 203/529/72 204/530/72 
f 205/531/73 206/342/73 207/532/73 208/533/73 
f 208/520/74 207/522/74 201/534/74 204/321/74 
f 201/535/75 207/536/75 206/537/75 202/538/75 
f 206/534/76 205/539/76 203/540/76 202/321/76 
f 205/541/77 208/542/77 204/543/77 203/544/77 
f 209/545/78 210/546/78 211/547/78 212/548/78 
f 213/549/79 214/550/79 215/145/79 216/551/79 
f 211/552/80 213/553/80 216/366/80 212/554/80 
f 211/555/81 210/556/81 214/557/81 213/558/81 
f 209/559/82 215/560/82 214/561/82 210/562/82 
f 212/563/83 216/564/83 215/565/83 209/566/83 
f 217/320/84 218/567/84 219/383/84 220/568/84 
f 221/548/85 222/547/85 223/569/85 224/570/85 
f 224/540/86 223/539/86 217/571/86 220/325/86 
f 217/572/87 223/573/87 222/574/87 218/575/87 
f 222/377/88 221/136/88 219/576/88 218/577/88 
f 221/578/89 224/579/89 220/580/89 219/581/89 
f 225/582/90 226/583/90 227/584/90 228/585/90 
f 229/586/91 230/587/91 231/359/91 232/588/91 
f 227/589/92 229/530/92 232/529/92 228/590/92 
f 226/591/93 230/592/93 229/368/93 227/593/93 
f 225/594/94 231/403/94 230/406/94 226/595/94 
f 228/596/95 232/597/95 231/598/95 225/552/95 
f 233/599/96 234/600/96 235/601/96 236/602/96 
f 237/603/97 238/604/97 239/605/97 240/606/97 
f 240/607/98 239/608/98 233/609/98 236/606/98 
f 239/610/99 238/611/99 234/612/99 233/613/99 
f 238/585/100 237/614/100 235/615/100 234/582/100 
f 237/616/101 240/617/101 236/618/101 235/619/101 
f 241/620/102 242/621/102 243/622/102 244/623/102 
f 245/624/103 246/625/103 247/626/103 248/627/103 
f 243/628/104 245/376/104 248/629/104 244/630/104 
f 242/332/105 246/631/105 245/632/105 243/184/105 
f 241/633/106 247/634/106 246/341/106 242/340/106 
f 244/635/107 248/636/107 247/610/107 241/613/107 
f 249/637/108 250/638/108 251/639/108 252/640/108 
f 253/641/109 254/642/109 255/643/109 256/644/109 
f 256/645/110 255/573/110 249/646/110 252/647/110 
f 255/648/111 254/649/111 250/650/111 249/651/111 
f 254/652/112 253/653/112 251/506/112 250/505/112 
f 253/654/113 256/655/113 252/561/113 251/656/113 
f 257/657/114 258/658/114 259/659/114 260/660/114 
f 261/661/115 262/662/115 263/663/115 264/664/115 
f 259/665/116 261/666/116 264/633/116 260/667/116 
f 258/668/117 262/669/117 261/509/117 259/670/117 
f 257/671/118 263/667/118 262/339/118 258/24/118 
f 260/672/119 264/673/119 263/674/119 257/675/119 
f 265/676/120 266/677/120 267/678/120 268/679/120 
f 269/680/121 270/681/121 271/682/121 272/683/121 
f 272/684/122 271/685/122 265/686/122 268/687/122 
f 271/688/123 270/632/123 266/689/123 265/690/123 
f 270/360/124 269/347/124 267/691/124 266/692/124 
f 269/693/125 272/694/125 268/695/125 267/696/125 
f 273/434/126 274/697/126 275/462/126 276/479/126 
f 277/698/127 278/168/127 279/699/127 280/700/127 
f 275/701/128 277/702/128 280/590/128 276/703/128 
f 274/616/129 278/704/129 277/533/129 275/617/129 
f 273/705/130 279/706/130 278/707/130 274/653/130 
f 276/708/131 280/1/131 279/279/131 273/709/131 
f 281/710/132 282/711/132 283/712/132 284/713/132 
f 285/8/133 286/714/133 287/715/133 288/576/133 
f 288/716/134 287/717/134 281/718/134 284/719/134 
f 287/720/135 286/721/135 282/670/135 281/722/135 
f 286/723/136 285/724/136 283/725/136 282/683/136 
f 285/726/137 288/727/137 284/728/137 283/729/137 
f 289/730/138 290/731/138 291/732/138 292/733/138 
f 293/734/139 294/735/139 295/736/139 296/737/139 
f 297/738/140 298/739/140 299/740/140 300/741/140 
f 301/742/141 302/743/141 303/744/141 304/745/141 
f 305/746/142 306/747/142 307/748/142 308/749/142 
f 292/750/143 295/751/143 294/752/143 289/753/143 
f 309/754/144 310/755/144 311/756/144 312/757/144 
f 302/758/139 293/734/139 296/737/139 303/759/139 
f 313/760/140 314/761/140 298/739/140 297/738/140 
f 315/762/142 316/763/142 306/747/142 305/746/142 
f 315/764/145 305/765/145 290/731/145 289/730/145 
f 297/766/138 300/767/138 292/733/138 291/732/138 
f 306/768/139 316/769/139 294/735/139 293/734/139 
f 299/770/146 298/771/146 296/737/146 295/736/146 
f 308/772/141 307/773/141 302/743/141 301/742/141 
f 314/774/141 313/775/141 304/745/141 303/744/141 
f 300/776/143 299/777/143 295/751/143 292/750/143 
f 316/778/143 315/779/143 289/753/143 294/752/143 
f 317/427/145 318/780/145 319/781/145 320/782/145 
f 321/783/138 322/784/138 323/785/138 324/786/138 
f 307/787/139 306/768/139 293/734/139 302/758/139 
f 298/771/139 314/788/139 303/759/139 296/737/139 
f 304/745/147 309/789/147 312/790/147 301/742/147 
f 291/791/148 310/792/148 309/793/148 304/794/148 
f 290/356/149 311/795/149 310/796/149 291/797/149 
f 301/798/150 312/799/150 311/800/150 290/801/150 
f 313/775/151 317/802/151 320/803/151 304/745/151 
f 297/738/152 318/804/152 317/805/152 313/760/152 
f 291/806/153 319/807/153 318/808/153 297/809/153 
f 304/810/154 320/811/154 319/812/154 291/813/154 
f 305/814/155 321/815/155 324/816/155 290/817/155 
f 308/749/156 322/818/156 321/819/156 305/746/156 
f 301/742/151 323/820/151 322/821/151 308/772/151 
f 290/822/157 324/823/157 323/824/157 301/825/157 
f 325/826/158 326/827/158 327/828/158 328/829/158 
f 329/830/159 330/831/159 331/832/159 332/833/159 
f 333/834/160 334/835/160 335/836/160 336/837/160 
f 337/838/161 338/839/161 339/840/161 340/841/161 
f 341/842/162 342/843/162 343/844/162 344/845/162 
f 330/846/163 329/847/163 328/848/163 327/849/163 
f 345/850/164 346/851/164 347/852/164 348/853/164 
f 332/833/159 331/832/159 338/854/159 337/855/159 
f 334/835/165 349/856/165 350/857/165 335/836/165 
f 342/843/162 351/858/162 352/859/162 343/844/162 
f 326/827/158 343/860/158 352/861/158 327/828/158 
f 328/829/158 336/862/158 335/863/158 325/826/158 
f 330/831/159 351/864/159 342/865/159 331/832/159 
f 332/833/159 334/866/159 333/867/159 329/830/159 
f 338/839/161 341/868/161 344/869/161 339/840/161 
f 340/841/161 350/870/161 349/871/161 337/838/161 
f 329/847/163 333/872/163 336/873/163 328/848/163 
f 327/849/166 352/874/166 351/875/166 330/846/166 
f 353/876/167 354/877/167 355/878/167 356/879/167 
f 357/880/167 358/881/167 359/882/167 360/883/167 
f 331/832/159 342/865/159 341/884/159 338/854/159 
f 337/855/159 349/885/159 334/866/159 332/833/159 
f 348/886/168 347/887/168 340/841/168 339/840/168 
f 347/888/169 346/889/169 325/890/169 340/891/169 
f 346/892/170 345/893/170 326/894/170 325/895/170 
f 345/896/171 348/897/171 339/898/171 326/899/171 
f 356/900/172 355/901/172 350/870/172 340/841/172 
f 355/902/173 354/903/173 335/836/173 350/857/173 
f 354/904/174 353/905/174 325/906/174 335/450/174 
f 353/907/175 356/908/175 340/909/175 325/910/175 
f 360/911/176 359/912/176 343/913/176 326/361/176 
f 359/914/177 358/915/177 344/845/177 343/844/177 
f 358/916/178 357/917/178 339/840/178 344/869/178 
f 357/918/179 360/919/179 326/920/179 339/921/179 
f 361/922/180 362/923/180 363/924/180 364/925/180 
f 365/926/181 366/927/181 367/928/181 368/929/181 
f 369/930/182 370/931/182 371/932/182 372/933/182 
f 373/934/183 374/935/183 375/936/183 376/937/183 
f 377/938/118 378/939/118 379/940/118 380/941/118 
f 364/942/184 367/943/184 366/944/184 361/945/184 
f 381/447/185 382/946/185 383/947/185 384/948/185 
f 374/949/186 365/926/186 368/929/186 375/950/186 
f 385/951/116 386/952/116 370/931/116 369/930/116 
f 387/953/118 388/954/118 378/939/118 377/938/118 
f 387/955/187 377/956/187 362/923/187 361/922/187 
f 369/957/185 372/958/185 364/925/185 363/924/185 
f 378/959/188 388/960/188 366/927/188 365/926/188 
f 371/961/186 370/962/186 368/929/186 367/928/186 
f 380/963/183 379/964/183 374/935/183 373/934/183 
f 386/965/189 385/966/189 376/937/189 375/936/189 
f 372/967/190 371/968/190 367/943/190 364/942/190 
f 388/969/184 387/970/184 361/945/184 366/944/184 
f 389/971/180 390/972/180 391/973/180 392/974/180 
f 393/975/185 394/976/185 395/369/185 396/977/185 
f 379/978/181 378/959/181 365/926/181 374/949/181 
f 370/962/181 386/979/181 375/950/181 368/929/181 
f 376/937/191 381/980/191 384/981/191 373/934/191 
f 363/982/192 382/983/192 381/984/192 376/985/192 
f 362/986/193 383/987/193 382/988/193 363/989/193 
f 373/990/194 384/991/194 383/992/194 362/993/194 
f 385/966/195 389/994/195 392/995/195 376/937/195 
f 369/930/196 390/996/196 389/997/196 385/951/196 
f 363/998/197 391/999/197 390/1000/197 369/1001/197 
f 376/1002/198 392/1003/198 391/1004/198 363/1005/198 
f 377/1006/197 393/1007/197 396/1008/197 362/1009/197 
f 380/941/199 394/1010/199 393/1011/199 377/938/199 
f 373/934/200 395/1012/200 394/1013/200 380/963/200 
f 362/1014/196 396/1015/196 395/1016/196 373/1017/196 
f 397/1018/201 398/1019/201 399/1020/201 400/1021/201 
f 401/1022/202 402/1023/202 403/1024/202 404/1025/202 
f 405/1026/110 406/1027/110 407/1028/110 408/1029/110 
f 409/1030/203 410/1031/203 411/1032/203 412/1033/203 
f 413/1034/124 414/1035/124 415/1036/124 416/1037/124 
f 402/1038/204 401/1039/204 400/1040/204 399/1041/204 
f 417/1042/205 418/1043/205 419/1044/205 420/1045/205 
f 404/1025/206 403/1024/206 410/1046/206 409/1047/206 
f 406/1027/122 421/1048/122 422/1049/122 407/1028/122 
f 414/1035/124 423/1050/124 424/1051/124 415/1036/124 
f 398/1019/201 415/1052/201 424/1053/201 399/1020/201 
f 400/1021/201 408/1054/201 407/1055/201 397/1018/201 
f 402/1056/207 423/1057/207 414/1058/207 403/1024/207 
f 404/1025/206 406/1059/206 405/1060/206 401/1022/206 
f 410/1031/203 413/1061/203 416/1062/203 411/1032/203 
f 412/1033/203 422/1063/203 421/1064/203 409/1030/203 
f 401/1039/208 405/1065/208 408/1066/208 400/1040/208 
f 399/1041/208 424/1067/208 423/1068/208 402/1038/208 
f 425/1069/205 426/1070/205 427/1071/205 428/1072/205 
f 429/1073/205 430/1074/205 431/1075/205 432/1072/205 
f 403/1024/202 414/1058/202 413/1076/202 410/1046/202 
f 409/1047/202 421/1077/202 406/1059/202 404/1025/202 
f 420/1078/209 419/1079/209 412/1033/209 411/1032/209 
f 419/1080/210 418/1081/210 397/1082/210 412/1083/210 
f 418/1084/211 417/1085/211 398/1086/211 397/1087/211 
f 417/1088/212 420/1089/212 411/272/212 398/1090/212 
f 428/1091/213 427/1092/213 422/1063/213 412/1033/213 
f 427/1093/214 426/1094/214 407/1028/214 422/1049/214 
f 426/1095/215 425/1096/215 397/883/215 407/1097/215 
f 425/1098/216 428/1099/216 412/1100/216 397/1101/216 
f 432/1102/215 431/1103/215 415/1104/215 398/1105/215 
f 431/1106/217 430/1107/217 416/1037/217 415/1036/217 
f 430/1108/218 429/1109/218 411/1032/218 416/1062/218 
f 429/1110/219 432/1111/219 398/1112/219 411/1113/219 
f 433/1114/220 434/1115/220 435/1116/220 436/1117/220 
f 437/1118/221 438/1119/221 439/1120/221 440/1121/221 
f 438/1119/220 441/1122/220 442/1123/220 439/1120/220 
f 443/1124/221 444/1125/221 445/1126/221 446/1127/221 
f 446/1127/221 445/1126/221 447/1128/221 
f 434/1115/220 437/1118/220 440/1121/220 435/1116/220 
f 441/1122/220 444/1125/220 443/1124/220 442/1123/220 
f 448/692/222 449/1129/222 450/329/222 451/626/222 
f 452/1130/223 453/1131/223 454/1132/223 455/260/223 
f 456/7/224 457/1133/224 458/1134/224 459/108/224 
f 449/36/221 453/1135/221 452/1136/221 450/1137/221 
f 448/1138/225 454/1139/225 453/1140/225 449/1141/225 
f 451/1142/226 455/1143/226 454/602/226 448/645/226 
f 450/1144/227 460/1145/227 461/1146/227 451/1147/227 
f 452/1148/228 462/1149/228 460/1145/228 450/1144/228 
f 455/1150/227 463/1151/227 462/1149/227 452/1148/227 
f 451/1147/228 461/1146/228 463/1151/228 455/1150/228 
f 460/1152/222 456/1153/222 459/1154/222 461/1155/222 
f 462/711/221 457/1156/221 456/1157/221 460/712/221 
f 463/1158/223 458/587/223 457/1159/223 462/1160/223 
f 461/1161/229 459/1162/229 458/634/229 463/1163/229 
f 464/1164/230 465/1165/230 466/1166/230 467/1167/230 
f 468/1168/231 469/374/231 470/710/231 471/713/231 
f 466/1169/232 468/1170/232 471/1171/232 467/1172/232 
f 465/585/221 469/1173/221 468/1174/221 466/1175/221 
f 464/1176/233 470/1177/233 469/1178/233 465/1179/233 
f 467/654/226 471/414/226 470/413/226 464/675/226 
f 472/1180/234 473/382/234 474/1181/234 475/1182/234 
f 476/336/235 477/335/235 478/1183/235 479/1184/235 
f 474/1185/236 476/686/236 479/685/236 475/1152/236 
f 473/1186/237 477/676/237 476/1187/237 474/399/237 
f 472/43/238 478/1188/238 477/58/238 473/334/238 
f 475/1189/239 479/1190/239 478/1187/239 472/1191/239 
f 480/1192/240 481/1167/240 482/1166/240 483/615/240 
f 484/615/241 485/1193/241 486/678/241 487/1192/241 
f 482/1194/242 484/1195/242 487/527/242 483/1196/242 
f 481/1197/220 485/1198/220 484/1199/220 482/1200/220 
f 480/704/243 486/32/243 485/343/243 481/531/243 
f 483/1201/226 487/1202/226 486/1203/226 480/338/226 
f 488/1204/232 489/1205/232 490/1206/232 491/1207/232 
f 492/1208/244 493/1209/244 494/602/244 495/1210/244 
f 490/1211/231 492/1212/231 495/1160/231 491/1159/231 
f 489/1213/220 493/1214/220 492/594/220 490/1215/220 
f 488/1216/230 494/1217/230 493/1218/230 489/1219/230 
f 491/348/226 495/1220/226 494/651/226 488/1221/226 
f 496/66/245 497/65/245 498/1222/245 499/290/245 
f 500/1223/246 501/638/246 502/1206/246 503/1205/246 
f 498/1224/247 500/397/247 503/1225/247 499/1226/247 
f 497/1227/221 501/1228/221 500/1229/221 498/1230/221 
f 496/1231/248 502/1232/248 501/1233/248 497/1234/248 
f 496/1235/226 499/1234/226 503/1236/226 502/1237/226 
f 438/1119/220 437/1118/220 504/1238/220 505/1239/220 
f 506/1240/249 507/1241/249 508/1242/249 509/1243/249 
f 510/1244/249 511/1245/249 512/1246/249 513/1247/249 
f 514/1248/249 515/1249/249 511/1245/249 510/1244/249 
f 516/1250/250 517/1251/250 518/1252/250 519/1253/250 
f 517/1251/249 520/1254/249 518/1252/249 
f 509/1243/250 508/1242/250 513/1247/250 512/1246/250 
f 515/1249/249 514/1248/249 516/1250/249 519/1253/249 
f 521/1255/251 522/1256/251 523/1196/251 524/1257/251 
f 525/1258/252 526/1259/252 527/605/252 528/1260/252 
f 529/1261/253 530/1042/253 531/1262/253 532/1263/253 
f 527/1264/249 526/43/249 522/1135/249 521/36/249 
f 526/1169/254 525/1140/254 523/1139/254 522/638/254 
f 525/1136/255 528/1265/255 524/1222/255 523/1137/255 
f 533/1266/256 534/1267/256 521/1268/256 524/1269/256 
f 534/1267/253 535/1270/253 527/1271/253 521/1268/253 
f 535/1270/256 536/1272/256 528/1273/256 527/1271/256 
f 536/1272/253 533/1266/253 524/1269/253 528/1273/253 
f 532/585/257 531/1274/257 534/1275/257 533/1173/257 
f 531/1276/258 530/1277/258 535/1278/258 534/694/258 
f 530/1154/259 529/570/259 536/1185/259 535/1155/259 
f 529/1279/260 532/1280/260 533/603/260 536/1281/260 
f 537/1282/261 538/1283/261 539/608/261 540/1284/261 
f 541/1285/262 542/583/262 543/1165/262 544/1164/262 
f 544/680/263 543/1177/263 537/1176/263 540/1286/263 
f 543/384/250 542/567/250 538/324/250 537/528/250 
f 542/1171/264 541/1287/264 539/1288/264 538/1172/264 
f 541/651/255 544/1278/255 540/1277/255 539/1221/255 
f 545/1182/260 546/1289/260 547/1290/260 548/1180/260 
f 549/657/249 550/569/249 551/630/249 552/1291/249 
f 552/1292/265 551/1293/265 545/1294/265 548/1295/265 
f 551/725/266 550/724/266 546/1178/266 545/680/266 
f 550/1189/267 549/1191/267 547/1181/267 546/1296/267 
f 549/1295/268 552/1294/268 548/1178/268 547/1297/268 
f 553/1293/269 554/594/269 555/1214/269 556/1218/269 
f 557/1298/270 558/677/270 559/1186/270 560/402/270 
f 560/681/271 559/680/271 553/1286/271 556/726/271 
f 559/1161/249 558/1202/249 554/1201/249 553/1162/249 
f 558/381/272 557/1195/272 555/1194/272 554/1299/272 
f 557/1281/260 560/1198/260 556/1197/260 555/1279/260 
f 561/1300/263 562/1301/263 563/1209/263 564/1208/263 
f 565/1302/273 566/1204/273 567/1207/273 568/1138/273 
f 568/1178/274 567/1217/274 561/1216/274 564/1179/274 
f 567/1303/250 566/1304/250 562/1305/250 561/1306/250 
f 566/1287/261 565/1307/261 563/1141/261 562/1288/261 
f 565/594/255 568/1308/255 564/1309/255 563/1215/255 
f 569/1310/275 570/1311/275 571/638/275 572/1223/275 
f 573/1312/276 574/1210/276 575/602/276 576/1313/276 
f 576/1314/277 575/1315/277 569/619/277 572/577/277 
f 575/1316/249 574/1317/249 570/1318/249 569/1319/249 
f 574/1225/278 573/520/278 571/1320/278 570/1226/278 
f 571/1321/260 573/1322/260 576/1323/260 572/54/260 
f 511/1245/249 577/1324/249 578/1325/249 512/1246/249 
# 470 polygons - 2 triangles

#
# object Knight_PC
#

v  -0.0002 47.6051 -9.9948
v  -0.0003 39.5020 -9.2858
v  -0.0003 40.2110 -1.1828
v  -0.0003 48.3140 -1.8917
v  -2.1251 39.8977 -4.7636
v  -2.1251 44.4997 -5.1663
v  -2.1251 44.2700 -7.7918
v  -2.1251 39.6680 -7.3892
v  1.9297 39.6680 -7.3892
v  1.9297 44.2700 -7.7918
v  1.9297 44.4997 -5.1662
v  1.9297 39.8977 -4.7636
v  -0.0003 39.9711 -3.9244
v  -0.0003 44.5731 -4.3270
v  -0.0002 44.1041 -9.6885
v  -3.9019 33.3558 -10.7134
v  -4.6624 33.4420 -10.6106
v  -4.6624 35.4609 -12.3048
v  -3.9019 35.3747 -12.4075
v  -3.6125 36.4298 -11.1501
v  -3.6125 34.4109 -9.4560
v  -2.4121 41.2011 -6.2669
v  -3.1759 41.2877 -6.1637
v  -3.1759 38.4779 -3.8060
v  -2.4121 38.3913 -3.9092
v  -3.2166 40.9603 -6.1899
v  -3.6514 39.3750 -8.0792
v  -5.7609 39.6140 -7.7943
v  -5.3260 41.1994 -5.9050
v  -5.7609 37.1628 -5.7374
v  -5.3260 38.7481 -3.8481
v  -3.6514 36.7444 -5.8719
v  -2.8876 36.6578 -5.9751
v  -2.9325 38.9089 -8.1957
v  -2.9325 36.8899 -6.5016
v  -3.0219 36.5639 -6.8902
v  -3.0219 38.5828 -8.5843
v  -3.5160 36.7815 -10.7310
v  -4.2765 36.8677 -10.6283
v  -4.1511 37.3249 -10.0835
v  -3.3906 37.2387 -10.1862
v  -6.1116 37.0757 -10.3804
v  -6.1116 35.0568 -8.6863
v  -5.9862 35.5139 -8.1415
v  -5.9862 37.5329 -9.8356
v  -4.2765 34.8487 -8.9341
v  -4.1511 35.3059 -8.3893
v  -3.7824 36.6501 -6.7874
v  -3.9242 36.1330 -7.4036
v  -3.1637 36.0468 -7.5063
v  -4.0377 35.7195 -7.8964
v  -5.8727 35.9275 -7.6486
v  -3.2772 37.6522 -9.6933
v  -3.2772 35.6333 -7.9992
v  -3.3906 35.2197 -8.4920
v  -5.7593 38.3600 -8.8499
v  -5.7593 36.3410 -7.1557
v  -5.6174 36.8581 -6.5396
v  -5.6174 38.8770 -8.2337
v  -3.1637 38.0658 -9.2005
v  -5.8727 37.9464 -9.3427
v  -3.7824 38.6690 -8.4816
v  -3.9242 38.1520 -9.0977
v  -4.0377 37.7384 -9.5906
v  -2.5018 40.4790 -6.3246
v  -2.5018 38.4600 -4.6304
v  -2.8877 39.4676 -8.3328
v  -3.7857 39.0648 -8.8129
v  -3.0219 38.9782 -8.9160
v  -6.1257 36.5202 -6.1391
v  -6.1257 39.3300 -8.4968
v  -3.7857 36.2550 -6.4552
v  -3.0219 36.1684 -6.5583
v  -6.4975 33.6500 -10.3628
v  -6.4975 35.6689 -12.0569
v  -3.2166 38.5090 -4.1331
v  -3.6514 39.5542 -8.2296
v  -3.6514 36.9237 -6.0224
v  -6.6891 35.8398 -12.1561
v  -6.3997 36.8948 -10.8988
v  -4.3730 36.6651 -11.1725
v  -4.6624 35.6100 -12.4299
v  -3.9019 33.2066 -10.5882
v  -3.6125 34.2617 -9.3308
v  -4.3730 34.3479 -9.2281
v  -4.6624 33.2928 -10.4854
v  -5.9915 39.8194 -7.9135
v  -5.9915 37.0096 -5.5558
v  -3.5161 34.7625 -9.0369
v  -3.6125 36.7281 -11.4004
v  -4.3730 36.8143 -11.2977
v  -4.2765 37.1660 -10.8786
v  -3.5160 37.0798 -10.9813
v  -6.5915 37.0658 -10.9980
v  -6.5916 34.4502 -8.8033
v  -6.4951 34.8019 -8.3842
v  -6.4950 37.4175 -10.5789
v  -4.3730 34.1988 -9.1030
v  -4.2765 34.5505 -8.6838
v  -4.2765 34.6995 -8.8089
v  -3.5161 34.6133 -8.9117
v  -6.3033 34.9293 -8.5352
v  -6.3032 37.2465 -10.4796
v  -4.2765 37.0168 -10.7534
v  -3.5160 36.9306 -10.8561
v  -3.6125 36.5789 -11.2752
v  -3.9019 35.5238 -12.5326
v  -6.6892 33.5225 -10.2117
v  -3.5161 34.4642 -8.7865
v  -3.6125 34.1126 -9.2057
v  -6.3997 34.5776 -8.9543
v  4.6803 35.4609 -12.3048
v  4.6803 33.4420 -10.6106
v  3.9197 33.3557 -10.7134
v  3.9197 35.3747 -12.4075
v  3.6303 34.4108 -9.4560
v  3.6302 36.4298 -11.1501
v  3.1937 38.4779 -3.8060
v  3.1937 41.2877 -6.1637
v  2.4299 41.2011 -6.2669
v  2.4299 38.3913 -3.9092
v  5.7788 39.6140 -7.7943
v  3.6692 39.3749 -8.0792
v  3.2343 40.9603 -6.1899
v  5.3439 41.1994 -5.9050
v  5.7788 37.1628 -5.7374
v  5.3439 38.7481 -3.8481
v  2.9054 36.6578 -5.9751
v  3.6692 36.7444 -5.8719
v  3.0397 36.5639 -6.8902
v  2.9502 36.8899 -6.5016
v  2.9502 38.9088 -8.1958
v  3.0397 38.5828 -8.5843
v  4.1690 37.3249 -10.0834
v  4.2944 36.8677 -10.6283
v  3.5338 36.7815 -10.7310
v  3.4084 37.2386 -10.1862
v  6.0041 35.5139 -8.1415
v  6.1295 35.0567 -8.6863
v  6.1294 37.0757 -10.3804
v  6.0040 37.5329 -9.8356
v  4.1690 35.3059 -8.3893
v  4.2944 34.8487 -8.9341
v  3.1815 36.0468 -7.5063
v  3.9421 36.1330 -7.4036
v  3.8003 36.6501 -6.7874
v  5.8906 35.9275 -7.6486
v  4.0555 35.7195 -7.8964
v  3.4084 35.2197 -8.4920
v  3.2949 35.6333 -7.9992
v  3.2949 37.6522 -9.6933
v  5.6353 36.8580 -6.5396
v  5.7772 36.3410 -7.1557
v  5.7772 38.3600 -8.8499
v  5.6353 38.8770 -8.2337
v  3.1815 38.0658 -9.2005
v  5.8906 37.9464 -9.3427
v  3.9421 38.1520 -9.0977
v  3.8003 38.6690 -8.4816
v  4.0555 37.7384 -9.5906
v  2.5195 40.4790 -6.3246
v  2.5195 38.4600 -4.6305
v  2.9054 39.4676 -8.3328
v  3.0397 38.9782 -8.9160
v  3.8034 39.0647 -8.8129
v  6.1436 39.3300 -8.4968
v  6.1436 36.5202 -6.1391
v  3.8034 36.2550 -6.4552
v  3.0397 36.1684 -6.5583
v  6.5153 35.6689 -12.0569
v  6.5154 33.6500 -10.3628
v  3.2343 38.5090 -4.1331
v  3.6692 39.5542 -8.2296
v  3.6692 36.9237 -6.0224
v  4.3909 36.6651 -11.1725
v  6.4176 36.8948 -10.8988
v  6.7070 35.8398 -12.1561
v  4.6803 35.6100 -12.4299
v  4.3909 34.3478 -9.2281
v  3.6303 34.2616 -9.3308
v  3.9197 33.2065 -10.5882
v  4.6803 33.2928 -10.4854
v  6.0093 39.8194 -7.9135
v  6.0093 37.0096 -5.5558
v  3.5338 34.7625 -9.0368
v  4.2944 37.1660 -10.8786
v  4.3908 36.8143 -11.2977
v  3.6302 36.7281 -11.4004
v  3.5338 37.0798 -10.9813
v  6.5128 34.8019 -8.3842
v  6.6093 34.4502 -8.8033
v  6.6093 37.0658 -10.9981
v  6.5128 37.4174 -10.5789
v  4.2944 34.5504 -8.6838
v  4.3909 34.1987 -9.1029
v  3.5338 34.6133 -8.9117
v  4.2944 34.6995 -8.8089
v  6.3212 34.9293 -8.5352
v  6.3211 37.2465 -10.4796
v  4.2944 37.0168 -10.7534
v  3.5338 36.9306 -10.8561
v  3.6302 36.5789 -11.2752
v  3.9197 35.5238 -12.5326
v  6.7071 33.5225 -10.2117
v  3.5338 34.4642 -8.7865
v  3.6303 34.1125 -9.2057
v  6.4176 34.5776 -8.9543
v  -2.6360 33.1452 -2.8109
v  -2.6360 40.0055 -5.3078
v  -2.6360 39.1041 -7.7844
v  -2.6360 32.2438 -5.2875
v  2.6353 40.0055 -5.3078
v  2.6353 39.1041 -7.7844
v  2.6353 32.2438 -5.2875
v  2.6353 33.1452 -2.8109
v  2.3333 28.3882 -4.9502
v  -2.2909 28.3882 -4.9502
v  -2.2909 32.2438 -5.2875
v  2.3333 32.2438 -5.2875
v  -3.5360 28.2072 -2.7552
v  -4.5182 28.3804 -2.7552
v  -4.5182 28.3804 -5.3908
v  -3.5360 28.2072 -5.3908
v  -3.6305 32.8536 -5.3908
v  -3.6305 32.8536 -2.7552
v  -2.6484 32.6804 -2.7552
v  -2.6484 32.6804 -5.3908
v  -3.5360 28.2072 -5.9213
v  -4.5182 28.3804 -5.9213
v  -3.6305 32.8536 -5.9213
v  -2.6484 32.6804 -5.9213
v  -3.5360 28.2072 -2.2247
v  -2.6484 32.6804 -2.2247
v  -3.6305 32.8536 -2.2247
v  -4.5182 28.3804 -2.2247
v  -0.0074 30.7187 2.2782
v  -2.6429 30.7273 2.2856
v  -2.6522 28.1018 2.0559
v  -0.0167 28.0931 2.0484
v  -2.6627 28.8634 -2.5458
v  -0.0272 28.8547 -2.5533
v  -0.0254 28.2330 -1.1962
v  -2.6609 28.2417 -1.1888
v  -2.6517 30.6962 -0.7961
v  -2.6508 30.4946 -0.2433
v  -0.0162 30.6875 -0.8035
v  -0.0153 30.4860 -0.2508
v  2.6494 28.1005 2.0567
v  2.6426 30.7261 2.2865
v  0.0069 30.7201 2.2773
v  0.0137 28.0946 2.0475
v  0.0280 28.8561 -2.5542
v  2.6637 28.8621 -2.5449
v  2.6601 28.2529 -1.1247
v  0.0244 28.2469 -1.1339
v  2.6538 30.7631 -0.9307
v  2.6519 30.5524 -0.2687
v  0.0181 30.7572 -0.9399
v  0.0163 30.5464 -0.2779
v  0.0193 33.5233 -3.0784
v  2.6550 33.5292 -3.0692
v  2.6659 31.8352 -5.0882
v  0.0302 31.8292 -5.0974
v  -0.0245 31.8278 -5.0965
v  -2.6601 31.8365 -5.0891
v  -2.6488 33.5306 -3.0701
v  -0.0132 33.5219 -3.0775
v  -0.0265 29.7215 -3.3292
v  -2.6621 29.7302 -3.3217
v  -2.6512 31.3972 -1.4308
v  -0.0157 31.3885 -1.4383
v  2.6645 29.7289 -3.3208
v  0.0288 29.7229 -3.3301
v  2.6541 31.3959 -1.4300
v  0.0184 31.3899 -1.4392
v  4.5761 28.3804 -5.3908
v  4.5761 28.3804 -2.7552
v  3.5940 28.2072 -2.7552
v  3.5940 28.2072 -5.3908
v  2.7063 32.6804 -2.7552
v  3.6886 32.8536 -2.7552
v  3.6886 32.8536 -5.3908
v  2.7063 32.6804 -5.3908
v  3.5940 28.2072 -5.9213
v  2.7063 32.6804 -5.9213
v  3.6886 32.8536 -5.9213
v  4.5761 28.3804 -5.9213
v  3.6886 32.8536 -2.2247
v  2.7063 32.6804 -2.2247
v  3.5940 28.2072 -2.2247
v  4.5761 28.3804 -2.2247
# 291 vertices

vn -1.0000 0.0000 -0.0000
vn 1.0000 0.0000 0.0000
vn 0.0000 -0.9962 0.0872
vn 0.0000 0.9962 -0.0872
vn -0.6673 -0.0649 -0.7419
vn 0.7023 -0.0620 -0.7092
vn 0.4000 0.0799 0.9130
vn -0.3686 0.0810 0.9261
vn -0.1736 -0.6330 -0.7544
vn 0.9848 -0.1116 -0.1330
vn 0.1736 0.6330 0.7544
vn 0.0000 0.7660 -0.6428
vn -0.9848 0.1116 0.1330
vn 0.0000 -0.7660 0.6428
vn -0.0000 -0.7661 0.6428
vn -0.0000 -0.7660 0.6428
vn 0.9848 -0.1117 -0.1330
vn -0.0000 0.7660 -0.6428
vn 0.0000 0.7661 -0.6428
vn -0.1737 -0.6330 -0.7544
vn 0.1737 0.6330 0.7544
vn 0.0000 -0.7661 0.6428
vn -0.0000 0.7661 -0.6428
vn 0.1736 0.6331 0.7544
vn 0.1737 -0.6330 -0.7544
vn -0.9848 -0.1117 -0.1330
vn -0.1736 0.6330 0.7544
vn 0.9848 0.1116 0.1330
vn -0.9848 -0.1116 -0.1330
vn 0.9848 0.1117 0.1330
vn 0.1736 -0.6330 -0.7544
vn 0.1736 -0.6331 -0.7544
vn -0.1737 0.6330 0.7544
vn 0.0000 0.9397 -0.3420
vn -0.0000 -0.3420 -0.9397
vn 1.0000 0.0000 -0.0000
vn 0.0000 0.3420 0.9397
vn 0.0000 -0.9397 0.3420
vn 0.0000 -0.0871 -0.9962
vn -0.1736 -0.9848 -0.0000
vn 0.1736 0.9848 -0.0000
vn 0.0000 0.0000 -1.0000
vn -0.9809 0.1946 -0.0000
vn 0.0000 0.0000 1.0000
vn 0.9809 -0.1946 -0.0000
vn 0.0025 -0.0872 0.9962
vn -0.0043 -0.6967 -0.7173
vn -1.0000 0.0033 0.0028
vn 0.0043 0.7494 0.6621
vn 1.0000 -0.0033 -0.0028
vn -0.0033 -0.0872 0.9962
vn 0.0041 -0.6967 -0.7173
vn 1.0000 0.0023 0.0035
vn -0.0038 0.8233 0.5676
vn -1.0000 -0.0023 -0.0035
vn 0.0005 0.7660 -0.6428
vn 0.0007 0.7661 -0.6428
vn -0.0043 -0.6428 -0.7660
vn -0.0035 -0.9962 -0.0872
vn 0.0043 0.6428 0.7660
vn 0.0043 0.6967 0.7173
vn 0.0035 0.9962 0.0872
vn 0.0041 -0.6428 -0.7660
vn 0.0026 -0.9962 -0.0872
vn 1.0000 0.0022 0.0035
vn -0.0041 0.6428 0.7660
vn -0.0041 0.6968 0.7173
vn -0.0026 0.9962 0.0872
vn -1.0000 -0.0022 -0.0035
vn 0.1736 -0.9848 -0.0000
vn -0.1736 0.9848 -0.0000
vn 0.9809 0.1946 -0.0000
vn -0.9809 -0.1946 -0.0000
vn 0.1736 -0.9848 0.0000
# 74 vertex normals

vt 0.0000 1.0000 0.0000
vt 0.0000 0.8594 0.0000
vt 0.1406 0.8594 0.0000
vt 0.1406 1.0000 0.0000
vt 0.1875 0.5000 0.0000
vt 0.1875 0.5781 0.0000
vt 0.1406 0.5781 0.0000
vt 0.1406 0.5000 0.0000
vt 0.4688 0.5859 0.0000
vt 0.4688 0.6641 0.0000
vt 0.4219 0.6641 0.0000
vt 0.4219 0.5859 0.0000
vt 0.2639 0.6797 0.0000
vt 0.3010 0.6944 0.0000
vt 0.3010 0.7404 0.0000
vt 0.2639 0.7737 0.0000
vt 0.2302 0.7404 0.0000
vt 0.2302 0.6944 0.0000
vt 0.3088 0.9393 0.0000
vt 0.3088 0.9853 0.0000
vt 0.2717 1.0000 0.0000
vt 0.2717 0.9060 0.0000
vt 0.2380 0.9853 0.0000
vt 0.2380 0.9393 0.0000
vt 0.4766 0.6641 0.0000
vt 0.4766 0.7422 0.0000
vt 0.4297 0.7422 0.0000
vt 0.4297 0.6641 0.0000
vt 0.3906 0.5781 0.0000
vt 0.3906 0.5000 0.0000
vt 0.4375 0.5000 0.0000
vt 0.4375 0.5781 0.0000
vt 0.5156 0.7109 0.0000
vt 0.5156 0.7891 0.0000
vt 0.4766 0.7891 0.0000
vt 0.4766 0.7109 0.0000
vt 0.2344 0.8984 0.0000
vt 0.2344 0.8203 0.0000
vt 0.2734 0.8203 0.0000
vt 0.2734 0.8984 0.0000
vt 0.5026 0.5347 0.0000
vt 0.5161 0.5347 0.0000
vt 0.5161 0.5807 0.0000
vt 0.5026 0.5807 0.0000
vt 0.2222 0.7252 0.0000
vt 0.2222 0.7543 0.0000
vt 0.1762 0.7543 0.0000
vt 0.1762 0.7252 0.0000
vt 0.2109 0.3594 0.0000
vt 0.2266 0.3594 0.0000
vt 0.2266 0.4219 0.0000
vt 0.2109 0.4219 0.0000
vt 0.5234 0.9453 0.0000
vt 0.5234 0.8984 0.0000
vt 0.5625 0.8984 0.0000
vt 0.5625 0.9453 0.0000
vt 0.2969 0.6250 0.0000
vt 0.2969 0.5781 0.0000
vt 0.3516 0.5781 0.0000
vt 0.3516 0.6250 0.0000
vt 0.1233 0.5469 0.0000
vt 0.1233 0.4991 0.0000
vt 0.1369 0.4991 0.0000
vt 0.1369 0.5469 0.0000
vt 0.2222 0.8227 0.0000
vt 0.1762 0.8227 0.0000
vt 0.1762 0.8137 0.0000
vt 0.2222 0.8137 0.0000
vt 0.5082 0.9503 0.0000
vt 0.5217 0.9503 0.0000
vt 0.5217 0.9629 0.0000
vt 0.5082 0.9629 0.0000
vt 0.0004 0.4347 0.0000
vt 0.0464 0.4347 0.0000
vt 0.0464 0.4473 0.0000
vt 0.0004 0.4473 0.0000
vt 0.2426 0.4425 0.0000
vt 0.2752 0.4425 0.0000
vt 0.2752 0.4551 0.0000
vt 0.2426 0.4551 0.0000
vt 0.2752 0.4922 0.0000
vt 0.2752 0.4779 0.0000
vt 0.2886 0.4779 0.0000
vt 0.2886 0.4922 0.0000
vt 0.2752 0.4665 0.0000
vt 0.2426 0.4665 0.0000
vt 0.2222 0.7880 0.0000
vt 0.1762 0.7880 0.0000
vt 0.1762 0.7766 0.0000
vt 0.2222 0.7766 0.0000
vt 0.0004 0.4701 0.0000
vt 0.0464 0.4701 0.0000
vt 0.0464 0.4844 0.0000
vt 0.0004 0.4844 0.0000
vt 0.1762 0.7994 0.0000
vt 0.2222 0.7994 0.0000
vt 0.0464 0.4587 0.0000
vt 0.0004 0.4587 0.0000
vt 0.5217 1.0000 0.0000
vt 0.5217 0.9857 0.0000
vt 0.5543 0.9857 0.0000
vt 0.5543 1.0000 0.0000
vt 0.5217 0.9743 0.0000
vt 0.5082 0.9743 0.0000
vt 0.2222 0.8660 0.0000
vt 0.2312 0.8750 0.0000
vt 0.1672 0.8750 0.0000
vt 0.1762 0.8660 0.0000
vt 0.2312 0.8272 0.0000
vt 0.4547 0.5707 0.0000
vt 0.4548 0.5797 0.0000
vt 0.4412 0.5797 0.0000
vt 0.4412 0.5707 0.0000
vt 0.4873 0.5246 0.0000
vt 0.4963 0.5156 0.0000
vt 0.4963 0.5797 0.0000
vt 0.4873 0.5707 0.0000
vt 0.4547 0.5246 0.0000
vt 0.4548 0.5156 0.0000
vt 0.1672 0.8272 0.0000
vt 0.1672 0.8137 0.0000
vt 0.5487 0.5347 0.0000
vt 0.5487 0.5807 0.0000
vt 0.5547 0.7344 0.0000
vt 0.5547 0.7891 0.0000
vt 0.5156 0.7344 0.0000
vt 0.0037 0.5469 0.0000
vt 0.0037 0.4991 0.0000
vt 0.0173 0.4991 0.0000
vt 0.0173 0.5469 0.0000
vt 0.5000 0.4766 0.0000
vt 0.5000 0.4297 0.0000
vt 0.5391 0.4297 0.0000
vt 0.5391 0.4766 0.0000
vt 0.6067 0.9709 0.0000
vt 0.6067 1.0000 0.0000
vt 0.5708 1.0000 0.0000
vt 0.5708 0.9709 0.0000
vt 0.6067 0.7600 0.0000
vt 0.6067 0.7891 0.0000
vt 0.5933 0.7891 0.0000
vt 0.5933 0.7600 0.0000
vt 0.2426 0.4922 0.0000
vt 0.2426 0.4779 0.0000
vt 0.2886 0.4551 0.0000
vt 0.2886 0.4665 0.0000
vt 0.5082 1.0000 0.0000
vt 0.5082 0.9857 0.0000
vt 0.5543 0.9629 0.0000
vt 0.5543 0.9743 0.0000
vt 0.4412 0.5246 0.0000
vt 0.4412 0.5156 0.0000
vt 0.0173 0.4856 0.0000
vt 0.0588 0.4856 0.0000
vt 0.0588 0.4991 0.0000
vt 0.5859 0.8281 0.0000
vt 0.6484 0.8281 0.0000
vt 0.6484 0.8438 0.0000
vt 0.5859 0.8438 0.0000
vt 0.1233 0.4856 0.0000
vt 0.1369 0.4856 0.0000
vt 0.2312 0.8137 0.0000
vt 0.0037 0.4856 0.0000
vt 0.0819 0.4856 0.0000
vt 0.0819 0.4991 0.0000
vt 0.3156 0.5312 0.0000
vt 0.3197 0.5272 0.0000
vt 0.3756 0.5272 0.0000
vt 0.3797 0.5312 0.0000
vt 0.3156 0.4834 0.0000
vt 0.3197 0.4834 0.0000
vt 0.4871 0.8344 0.0000
vt 0.5286 0.8344 0.0000
vt 0.5245 0.8385 0.0000
vt 0.4871 0.8385 0.0000
vt 0.5286 0.8984 0.0000
vt 0.5245 0.8943 0.0000
vt 0.4871 0.8984 0.0000
vt 0.4871 0.8943 0.0000
vt 0.3797 0.4834 0.0000
vt 0.3756 0.4834 0.0000
vt 0.1762 0.7640 0.0000
vt 0.2222 0.7640 0.0000
vt 0.5947 0.6778 0.0000
vt 0.6082 0.6778 0.0000
vt 0.6082 0.6875 0.0000
vt 0.5947 0.6875 0.0000
vt 0.5469 0.4922 0.0000
vt 0.6094 0.4922 0.0000
vt 0.6094 0.5000 0.0000
vt 0.5469 0.5000 0.0000
vt 0.5947 0.6622 0.0000
vt 0.6340 0.6622 0.0000
vt 0.6340 0.6719 0.0000
vt 0.5947 0.6719 0.0000
vt 0.5543 0.9503 0.0000
vt 0.2886 0.4425 0.0000
vt 0.5026 0.5312 0.0000
vt 0.5161 0.5312 0.0000
vt 0.1728 0.7543 0.0000
vt 0.1728 0.7252 0.0000
vt 0.4675 0.9698 0.0000
vt 0.4675 0.9732 0.0000
vt 0.4541 0.9732 0.0000
vt 0.4541 0.9698 0.0000
vt 0.5001 0.9698 0.0000
vt 0.5035 0.9732 0.0000
vt 0.5001 0.9237 0.0000
vt 0.5035 0.9203 0.0000
vt 0.4675 0.9237 0.0000
vt 0.4675 0.9203 0.0000
vt 0.4541 0.9237 0.0000
vt 0.4541 0.9203 0.0000
vt 0.2256 0.7543 0.0000
vt 0.2256 0.7640 0.0000
vt 0.5161 0.5841 0.0000
vt 0.5026 0.5841 0.0000
vt 0.5521 0.5841 0.0000
vt 0.5521 0.5312 0.0000
vt 0.6475 0.6875 0.0000
vt 0.6475 0.6778 0.0000
vt 0.6475 0.6719 0.0000
vt 0.6475 0.6622 0.0000
vt 0.5573 0.9709 0.0000
vt 0.5573 1.0000 0.0000
vt 0.0234 0.5156 0.0000
vt 0.0781 0.5156 0.0000
vt 0.0781 0.5469 0.0000
vt 0.0234 0.5469 0.0000
vt 0.5573 0.7600 0.0000
vt 0.5573 0.7891 0.0000
vt 0.1728 0.7640 0.0000
vt 0.2256 0.7252 0.0000
vt 0.4675 0.9766 0.0000
vt 0.4541 0.9766 0.0000
vt 0.5069 0.9766 0.0000
vt 0.5069 0.9169 0.0000
vt 0.4675 0.9169 0.0000
vt 0.4541 0.9169 0.0000
vt 0.2290 0.7543 0.0000
vt 0.2290 0.7640 0.0000
vt 0.2019 0.5328 0.0000
vt 0.2019 0.5362 0.0000
vt 0.1884 0.5362 0.0000
vt 0.1884 0.5328 0.0000
vt 0.2379 0.5328 0.0000
vt 0.2413 0.5362 0.0000
vt 0.2379 0.4800 0.0000
vt 0.2413 0.4766 0.0000
vt 0.2019 0.4800 0.0000
vt 0.2019 0.4766 0.0000
vt 0.1884 0.4800 0.0000
vt 0.1884 0.4766 0.0000
vt 0.1694 0.7640 0.0000
vt 0.1694 0.7543 0.0000
vt 0.4839 0.5104 0.0000
vt 0.4839 0.4643 0.0000
vt 0.4974 0.4643 0.0000
vt 0.4974 0.5104 0.0000
vt 0.1519 0.7387 0.0000
vt 0.1059 0.7387 0.0000
vt 0.1059 0.7096 0.0000
vt 0.1519 0.7096 0.0000
vt 0.1641 0.3984 0.0000
vt 0.1641 0.3359 0.0000
vt 0.1797 0.3359 0.0000
vt 0.1797 0.3984 0.0000
vt 0.5312 0.8516 0.0000
vt 0.5703 0.8516 0.0000
vt 0.5703 0.8984 0.0000
vt 0.5312 0.8984 0.0000
vt 0.5312 0.6641 0.0000
vt 0.5312 0.7109 0.0000
vt 0.2537 0.5069 0.0000
vt 0.2673 0.5069 0.0000
vt 0.2673 0.5547 0.0000
vt 0.2537 0.5547 0.0000
vt 0.1519 0.7981 0.0000
vt 0.1519 0.8071 0.0000
vt 0.1059 0.8071 0.0000
vt 0.1059 0.7981 0.0000
vt 0.1736 0.4629 0.0000
vt 0.1736 0.4503 0.0000
vt 0.1871 0.4503 0.0000
vt 0.1871 0.4629 0.0000
vt 0.0473 0.4473 0.0000
vt 0.0473 0.4347 0.0000
vt 0.0933 0.4347 0.0000
vt 0.0933 0.4473 0.0000
vt 0.5139 0.4942 0.0000
vt 0.5139 0.4816 0.0000
vt 0.5464 0.4816 0.0000
vt 0.5464 0.4942 0.0000
vt 0.5004 0.5170 0.0000
vt 0.5139 0.5170 0.0000
vt 0.5139 0.5312 0.0000
vt 0.5004 0.5312 0.0000
vt 0.5464 0.5056 0.0000
vt 0.5139 0.5056 0.0000
vt 0.1519 0.7610 0.0000
vt 0.1519 0.7724 0.0000
vt 0.1059 0.7724 0.0000
vt 0.1059 0.7610 0.0000
vt 0.0473 0.4844 0.0000
vt 0.0473 0.4701 0.0000
vt 0.0933 0.4701 0.0000
vt 0.0933 0.4844 0.0000
vt 0.1059 0.7838 0.0000
vt 0.1519 0.7838 0.0000
vt 0.0933 0.4587 0.0000
vt 0.0473 0.4587 0.0000
vt 0.1411 0.4857 0.0000
vt 0.1736 0.4857 0.0000
vt 0.1736 0.5000 0.0000
vt 0.1411 0.5000 0.0000
vt 0.1871 0.4743 0.0000
vt 0.1736 0.4743 0.0000
vt 0.1609 0.8594 0.0000
vt 0.0969 0.8594 0.0000
vt 0.1059 0.8504 0.0000
vt 0.1519 0.8504 0.0000
vt 0.0969 0.8116 0.0000
vt 0.4963 0.9937 0.0000
vt 0.4827 0.9937 0.0000
vt 0.4828 0.9847 0.0000
vt 0.4963 0.9847 0.0000
vt 0.4412 0.9937 0.0000
vt 0.4412 0.9297 0.0000
vt 0.4502 0.9387 0.0000
vt 0.4502 0.9847 0.0000
vt 0.4827 0.9297 0.0000
vt 0.4828 0.9387 0.0000
vt 0.1609 0.7981 0.0000
vt 0.1609 0.8116 0.0000
vt 0.4513 0.5104 0.0000
vt 0.4513 0.4643 0.0000
vt 0.2266 0.4766 0.0000
vt 0.1875 0.4766 0.0000
vt 0.1875 0.4219 0.0000
vt 0.0999 0.5147 0.0000
vt 0.1135 0.5147 0.0000
vt 0.1135 0.5625 0.0000
vt 0.0999 0.5625 0.0000
vt 0.5312 0.6875 0.0000
vt 0.5703 0.6875 0.0000
vt 0.5703 0.7344 0.0000
vt 0.5312 0.7344 0.0000
vt 0.5776 0.4688 0.0000
vt 0.5417 0.4688 0.0000
vt 0.5417 0.4396 0.0000
vt 0.5776 0.4396 0.0000
vt 0.5630 0.5312 0.0000
vt 0.5495 0.5312 0.0000
vt 0.5495 0.5021 0.0000
vt 0.5630 0.5021 0.0000
vt 0.5464 0.5170 0.0000
vt 0.5464 0.5312 0.0000
vt 0.5004 0.5056 0.0000
vt 0.5004 0.4942 0.0000
vt 0.1871 0.4857 0.0000
vt 0.1871 0.5000 0.0000
vt 0.1411 0.4743 0.0000
vt 0.1411 0.4629 0.0000
vt 0.4963 0.9297 0.0000
vt 0.4963 0.9387 0.0000
vt 0.0584 0.5147 0.0000
vt 0.0584 0.5012 0.0000
vt 0.0999 0.5012 0.0000
vt 0.5859 0.6172 0.0000
vt 0.5859 0.6016 0.0000
vt 0.6484 0.6016 0.0000
vt 0.6484 0.6172 0.0000
vt 0.2537 0.4934 0.0000
vt 0.2673 0.4934 0.0000
vt 0.0969 0.7981 0.0000
vt 0.1135 0.5012 0.0000
vt 0.3088 0.4934 0.0000
vt 0.3088 0.5069 0.0000
vt 0.4760 0.6600 0.0000
vt 0.5318 0.6600 0.0000
vt 0.5359 0.6641 0.0000
vt 0.4719 0.6641 0.0000
vt 0.5318 0.6162 0.0000
vt 0.5359 0.6162 0.0000
vt 0.5207 0.5922 0.0000
vt 0.5207 0.5963 0.0000
vt 0.4833 0.5963 0.0000
vt 0.4793 0.5922 0.0000
vt 0.4833 0.6522 0.0000
vt 0.4793 0.6562 0.0000
vt 0.5207 0.6522 0.0000
vt 0.5207 0.6562 0.0000
vt 0.4719 0.6162 0.0000
vt 0.4760 0.6162 0.0000
vt 0.1519 0.7484 0.0000
vt 0.1059 0.7484 0.0000
vt 0.6340 0.4688 0.0000
vt 0.6340 0.4590 0.0000
vt 0.6475 0.4590 0.0000
vt 0.6475 0.4688 0.0000
vt 0.5625 0.8203 0.0000
vt 0.5625 0.8125 0.0000
vt 0.6250 0.8125 0.0000
vt 0.6250 0.8203 0.0000
vt 0.6082 0.4531 0.0000
vt 0.6082 0.4434 0.0000
vt 0.6475 0.4434 0.0000
vt 0.6475 0.4531 0.0000
vt 0.1411 0.4503 0.0000
vt 0.5004 0.4816 0.0000
vt 0.4839 0.4609 0.0000
vt 0.4974 0.4609 0.0000
vt 0.1553 0.7096 0.0000
vt 0.1553 0.7387 0.0000
vt 0.5225 0.9107 0.0000
vt 0.5090 0.9107 0.0000
vt 0.5090 0.9073 0.0000
vt 0.5225 0.9073 0.0000
vt 0.4731 0.9107 0.0000
vt 0.4765 0.9073 0.0000
vt 0.4731 0.8578 0.0000
vt 0.4765 0.8612 0.0000
vt 0.5090 0.8578 0.0000
vt 0.5090 0.8612 0.0000
vt 0.5225 0.8578 0.0000
vt 0.5225 0.8612 0.0000
vt 0.1025 0.7484 0.0000
vt 0.1025 0.7387 0.0000
vt 0.4974 0.5138 0.0000
vt 0.4839 0.5138 0.0000
vt 0.4479 0.5138 0.0000
vt 0.4479 0.4609 0.0000
vt 0.5947 0.4688 0.0000
vt 0.5947 0.4590 0.0000
vt 0.5947 0.4531 0.0000
vt 0.5947 0.4434 0.0000
vt 0.5911 0.4396 0.0000
vt 0.5911 0.4688 0.0000
vt 0.5391 0.6875 0.0000
vt 0.5391 0.6562 0.0000
vt 0.5938 0.6562 0.0000
vt 0.5938 0.6875 0.0000
vt 0.5989 0.5021 0.0000
vt 0.5989 0.5312 0.0000
vt 0.1553 0.7484 0.0000
vt 0.1025 0.7096 0.0000
vt 0.5225 0.9141 0.0000
vt 0.5090 0.9141 0.0000
vt 0.4697 0.9141 0.0000
vt 0.4697 0.8544 0.0000
vt 0.5090 0.8544 0.0000
vt 0.5225 0.8544 0.0000
vt 0.0991 0.7484 0.0000
vt 0.0991 0.7387 0.0000
vt 0.5225 0.8487 0.0000
vt 0.5090 0.8487 0.0000
vt 0.5090 0.8453 0.0000
vt 0.5225 0.8453 0.0000
vt 0.4697 0.8487 0.0000
vt 0.4731 0.8453 0.0000
vt 0.4697 0.7891 0.0000
vt 0.4731 0.7925 0.0000
vt 0.5090 0.7891 0.0000
vt 0.5090 0.7925 0.0000
vt 0.5225 0.7891 0.0000
vt 0.5225 0.7925 0.0000
vt 0.1587 0.7387 0.0000
vt 0.1587 0.7484 0.0000
vt 0.2969 0.5547 0.0000
vt 0.2969 0.6797 0.0000
vt 0.2500 0.6797 0.0000
vt 0.2500 0.5547 0.0000
vt 0.0938 0.5938 0.0000
vt 0.0000 0.5938 0.0000
vt 0.0000 0.5469 0.0000
vt 0.0938 0.5469 0.0000
vt 0.0938 0.8594 0.0000
vt 0.0000 0.7344 0.0000
vt 0.0938 0.7344 0.0000
vt 0.3984 0.8594 0.0000
vt 0.3516 0.8594 0.0000
vt 0.3516 0.7344 0.0000
vt 0.3984 0.7344 0.0000
vt 0.2344 1.0000 0.0000
vt 0.1406 0.8750 0.0000
vt 0.2344 0.8750 0.0000
vt 0.2969 0.5312 0.0000
vt 0.3906 0.5312 0.0000
vt 0.3516 0.6641 0.0000
vt 0.4297 0.7344 0.0000
vt 0.1988 0.3984 0.0000
vt 0.1988 0.4159 0.0000
vt 0.1528 0.4159 0.0000
vt 0.1528 0.3984 0.0000
vt 0.6285 0.7109 0.0000
vt 0.5825 0.7109 0.0000
vt 0.5825 0.6935 0.0000
vt 0.6285 0.6935 0.0000
vt 0.4492 0.3828 0.0000
vt 0.4666 0.3828 0.0000
vt 0.4649 0.4609 0.0000
vt 0.4475 0.4609 0.0000
vt 0.4566 0.7485 0.0000
vt 0.4566 0.8281 0.0000
vt 0.4106 0.8281 0.0000
vt 0.4106 0.7485 0.0000
vt 0.5234 0.7951 0.0000
vt 0.6016 0.7934 0.0000
vt 0.6016 0.8108 0.0000
vt 0.5234 0.8125 0.0000
vt 0.4097 0.5781 0.0000
vt 0.4097 0.6578 0.0000
vt 0.3637 0.6578 0.0000
vt 0.3637 0.5781 0.0000
vt 0.1435 0.4159 0.0000
vt 0.1435 0.3984 0.0000
vt 0.4013 0.8281 0.0000
vt 0.4013 0.7485 0.0000
vt 0.6377 0.6935 0.0000
vt 0.6377 0.7109 0.0000
vt 0.4190 0.5781 0.0000
vt 0.4190 0.6578 0.0000
vt 0.2081 0.3984 0.0000
vt 0.2081 0.4159 0.0000
vt 0.3544 0.6578 0.0000
vt 0.3544 0.5781 0.0000
vt 0.5732 0.7109 0.0000
vt 0.5732 0.6935 0.0000
vt 0.4659 0.7485 0.0000
vt 0.4659 0.8281 0.0000
vt 0.1875 0.4844 0.0000
vt 0.2344 0.4844 0.0000
vt 0.2344 0.5312 0.0000
vt 0.1875 0.5312 0.0000
vt 0.3199 0.8396 0.0000
vt 0.2739 0.8396 0.0000
vt 0.2739 0.8209 0.0000
vt 0.3199 0.8209 0.0000
vt 0.2027 0.6521 0.0000
vt 0.1567 0.6521 0.0000
vt 0.1567 0.6334 0.0000
vt 0.2027 0.6334 0.0000
vt 0.1402 0.6364 0.0000
vt 0.0942 0.6364 0.0000
vt 0.0942 0.6178 0.0000
vt 0.1402 0.6178 0.0000
vt 0.3511 0.6989 0.0000
vt 0.3051 0.6989 0.0000
vt 0.3051 0.6803 0.0000
vt 0.3511 0.6803 0.0000
vt 0.4844 0.6484 0.0000
vt 0.4844 0.6016 0.0000
vt 0.5312 0.6016 0.0000
vt 0.5312 0.6484 0.0000
vt 0.0464 0.6677 0.0000
vt 0.0004 0.6677 0.0000
vt 0.0004 0.6490 0.0000
vt 0.0464 0.6490 0.0000
vt 0.3668 0.9333 0.0000
vt 0.3207 0.9333 0.0000
vt 0.3207 0.9147 0.0000
vt 0.3668 0.9147 0.0000
vt 0.0933 0.6677 0.0000
vt 0.0473 0.6677 0.0000
vt 0.0473 0.6490 0.0000
vt 0.0933 0.6490 0.0000
vt 0.2496 0.6130 0.0000
vt 0.2036 0.6130 0.0000
vt 0.2036 0.5943 0.0000
vt 0.2496 0.5943 0.0000
vt 0.4297 0.5000 0.0000
vt 0.3828 0.5000 0.0000
vt 0.3828 0.4531 0.0000
vt 0.4297 0.4531 0.0000
vt 0.0938 0.4375 0.0000
vt 0.1406 0.4375 0.0000
vt 0.1406 0.4844 0.0000
vt 0.0938 0.4844 0.0000
vt 0.3199 0.9062 0.0000
vt 0.2739 0.9062 0.0000
vt 0.2739 0.8582 0.0000
vt 0.3199 0.8582 0.0000
vt 0.2739 0.7729 0.0000
vt 0.3199 0.7729 0.0000
vt 0.2027 0.7188 0.0000
vt 0.1567 0.7188 0.0000
vt 0.1567 0.6707 0.0000
vt 0.2027 0.6707 0.0000
vt 0.1567 0.5854 0.0000
vt 0.2027 0.5854 0.0000
vt 0.1402 0.7031 0.0000
vt 0.0942 0.7031 0.0000
vt 0.0942 0.6551 0.0000
vt 0.1402 0.6551 0.0000
vt 0.0942 0.5698 0.0000
vt 0.1402 0.5698 0.0000
vt 0.3511 0.7656 0.0000
vt 0.3051 0.7656 0.0000
vt 0.3051 0.7176 0.0000
vt 0.3511 0.7176 0.0000
vt 0.3051 0.6323 0.0000
vt 0.3511 0.6323 0.0000
vt 0.0464 0.7344 0.0000
vt 0.0004 0.7344 0.0000
vt 0.0004 0.6864 0.0000
vt 0.0464 0.6864 0.0000
vt 0.0004 0.6010 0.0000
vt 0.0464 0.6010 0.0000
vt 0.3668 1.0000 0.0000
vt 0.3207 1.0000 0.0000
vt 0.3207 0.9520 0.0000
vt 0.3668 0.9520 0.0000
vt 0.3207 0.8666 0.0000
vt 0.3668 0.8666 0.0000
vt 0.0933 0.7344 0.0000
vt 0.0473 0.7344 0.0000
vt 0.0473 0.6864 0.0000
vt 0.0933 0.6864 0.0000
vt 0.0473 0.6010 0.0000
vt 0.0933 0.6010 0.0000
vt 0.2496 0.6797 0.0000
vt 0.2036 0.6797 0.0000
vt 0.2036 0.6317 0.0000
vt 0.2496 0.6317 0.0000
vt 0.2036 0.5463 0.0000
vt 0.2496 0.5463 0.0000
vt 0.6285 0.7284 0.0000
vt 0.5825 0.7284 0.0000
vt 0.6285 0.8654 0.0000
vt 0.6285 0.8828 0.0000
vt 0.5825 0.8828 0.0000
vt 0.5825 0.8654 0.0000
vt 0.5424 0.6172 0.0000
vt 0.6220 0.6172 0.0000
vt 0.6217 0.6328 0.0000
vt 0.5420 0.6328 0.0000
vt 0.4566 0.9141 0.0000
vt 0.4106 0.9141 0.0000
vt 0.4106 0.8344 0.0000
vt 0.4566 0.8344 0.0000
vt 0.1562 0.7028 0.0000
vt 0.1406 0.7031 0.0000
vt 0.1406 0.6235 0.0000
vt 0.1562 0.6231 0.0000
vt 0.4254 0.9937 0.0000
vt 0.3793 0.9937 0.0000
vt 0.3793 0.9141 0.0000
vt 0.4254 0.9141 0.0000
vt 0.6377 0.7284 0.0000
vt 0.4659 0.8344 0.0000
vt 0.4659 0.9141 0.0000
vt 0.5732 0.8828 0.0000
vt 0.5732 0.8654 0.0000
vt 0.3701 0.9937 0.0000
vt 0.3701 0.9141 0.0000
vt 0.5732 0.7284 0.0000
vt 0.4346 0.9141 0.0000
vt 0.4346 0.9937 0.0000
vt 0.6377 0.8654 0.0000
vt 0.6377 0.8828 0.0000
vt 0.4013 0.9141 0.0000
vt 0.4013 0.8344 0.0000
# 662 texture coords

o Knight_PC
g Knight_PC
usemtl m_9c97462a_0067_c8a2_b6c8_ebfcc4c1fc9a
s 1
f 579/1326/279 580/1327/279 581/1328/279 582/1329/279 
f 583/1330/279 584/1331/279 585/1332/279 586/1333/279 
f 587/1334/280 588/1335/280 589/1336/280 590/1337/280 
f 591/1338/281 583/1339/281 586/1340/281 580/1341/281 
f 587/1342/281 590/1343/281 591/1338/281 580/1341/281 
f 585/1344/282 584/1345/282 592/1346/282 593/1347/282 
f 592/1346/282 589/1348/282 588/1349/282 593/1347/282 
f 586/1350/283 585/1351/283 593/1352/283 580/1353/283 
f 588/1354/284 587/1355/284 580/1356/284 593/1357/284 
f 590/1358/285 589/1359/285 592/1360/285 591/1361/285 
f 584/1362/286 583/1363/286 591/1364/286 592/1365/286 
f 594/1366/287 595/1367/287 596/1368/287 597/1369/287 
f 597/1370/288 598/1371/288 599/1372/288 594/1373/288 
f 600/1374/289 601/1375/289 602/1376/289 603/1377/289 
f 604/1378/290 605/1379/290 606/1380/290 607/1381/290 
f 607/1382/291 606/1383/291 608/1384/291 609/1385/291 
f 602/1386/292 610/1387/292 611/1388/292 603/1389/292 
f 612/1390/288 613/1391/288 614/1392/288 615/1393/288 
f 616/1394/290 617/1395/290 618/1396/290 619/1397/290 
f 620/1398/291 621/1399/291 622/1400/291 623/1401/291 
f 621/1402/293 624/1403/293 625/1404/293 622/1405/293 
f 626/1406/292 627/1407/292 628/1408/292 614/1409/292 
f 625/1404/294 629/1410/294 630/1411/294 622/1405/294 
f 631/1412/295 632/1413/295 633/1414/295 619/1415/295 
f 634/1416/291 635/1417/291 636/1418/291 637/1419/291 
f 628/1420/288 638/1421/288 615/1393/288 614/1392/288 
f 630/1422/291 639/1423/291 623/1401/291 622/1400/291 
f 640/1424/296 641/1425/296 634/1426/296 637/1427/296 
f 618/1396/297 642/1428/297 631/1429/297 619/1397/297 
f 643/1430/288 600/1431/288 603/1432/288 644/1433/288 
f 643/1430/288 612/1390/288 645/1434/288 600/1431/288 
f 640/1435/298 646/1436/298 647/1437/298 615/1438/298 
f 636/1439/287 648/1440/287 649/1441/287 637/1442/287 
f 636/1439/287 626/1443/287 650/1444/287 648/1440/287 
f 613/1391/288 611/1445/288 651/1446/288 614/1392/288 
f 652/1447/287 653/1448/287 596/1368/287 595/1367/287 
f 607/1449/299 609/1450/299 654/1359/299 604/1451/299 
f 600/1452/296 645/1453/296 655/1454/296 601/1455/296 
f 609/1456/292 608/1457/292 656/1458/292 654/1459/292 
f 657/1460/290 658/1461/290 659/1462/290 660/1463/290 
f 661/1464/294 662/1465/294 663/1466/294 664/1467/294 
f 636/1468/292 635/1469/292 627/1407/292 626/1406/292 
f 633/1470/293 632/1471/293 629/1410/293 625/1404/293 
f 615/1472/290 638/1473/290 641/1425/290 640/1424/290 
f 623/1474/290 639/1475/290 642/1428/290 618/1396/290 
f 637/1442/287 649/1441/287 646/1436/287 640/1435/287 
f 614/1476/287 651/1477/287 650/1444/287 626/1443/287 
f 646/1478/290 649/1479/290 665/1480/290 655/1454/290 
f 649/1481/291 648/1482/291 666/1483/291 665/1484/291 
f 650/1485/300 651/1486/300 611/1388/300 610/1387/300 
f 643/1430/288 644/1433/288 613/1391/288 612/1390/288 
f 612/1390/288 615/1393/288 647/1487/288 645/1434/288 
f 644/1433/288 603/1432/288 611/1445/288 613/1391/288 
f 647/1488/301 646/1478/301 655/1454/301 645/1453/301 
f 648/1489/292 650/1485/292 610/1387/292 666/1490/292 
f 601/1491/291 604/1492/291 654/1493/291 602/1494/291 
f 655/1495/291 605/1496/291 604/1492/291 601/1491/291 
f 655/1497/299 665/1498/299 606/1499/299 605/1500/299 
f 666/1501/302 608/1502/302 606/1499/302 665/1498/302 
f 610/1503/289 656/1504/289 608/1502/289 666/1501/289 
f 610/1505/291 602/1494/291 654/1493/291 656/1506/291 
f 619/1415/288 633/1414/288 667/1507/288 616/1508/288 
f 668/1509/290 669/1510/290 670/1511/290 671/1512/290 
f 672/1513/291 673/1514/291 674/1515/291 675/1516/291 
f 673/1517/294 676/1518/294 677/1519/294 674/1520/294 
f 623/1474/290 618/1396/290 617/1395/290 620/1521/290 
f 633/1470/293 625/1404/293 624/1403/293 667/1522/293 
f 594/1366/287 661/1523/287 664/1524/287 595/1367/287 
f 599/1372/288 662/1525/288 661/1526/288 594/1373/288 
f 624/1527/289 678/1528/289 679/1529/289 667/1530/289 
f 621/1531/289 680/1532/289 678/1528/289 624/1527/289 
f 620/1533/289 681/1534/289 680/1532/289 621/1531/289 
f 620/1533/289 617/1535/289 682/1536/289 681/1534/289 
f 616/1537/289 683/1538/289 682/1536/289 617/1535/289 
f 598/1371/288 684/1539/288 683/1540/288 616/1508/288 
f 596/1368/298 660/1541/298 685/1542/298 597/1369/298 
f 653/1448/287 657/1543/287 660/1541/287 596/1368/287 
f 652/1447/287 686/1544/287 657/1543/287 653/1448/287 
f 652/1447/287 595/1367/287 664/1524/287 686/1544/287 
f 616/1508/295 667/1507/295 599/1372/295 598/1371/295 
f 675/1545/290 670/1511/290 669/1510/290 672/1546/290 
f 687/1547/294 677/1519/294 676/1518/294 688/1548/294 
f 685/1549/290 660/1463/290 659/1462/290 684/1550/290 
f 657/1551/291 686/1552/291 689/1553/291 658/1554/291 
f 686/1555/294 664/1467/294 663/1466/294 689/1556/294 
f 667/1507/288 679/1557/288 662/1525/288 599/1372/288 
f 597/1370/288 685/1558/288 684/1539/288 598/1371/288 
f 678/1528/289 677/1559/289 687/1560/289 679/1529/289 
f 680/1532/289 674/1561/289 677/1559/289 678/1528/289 
f 681/1534/289 675/1562/289 674/1561/289 680/1532/289 
f 681/1534/289 682/1536/289 670/1563/289 675/1562/289 
f 683/1538/299 671/1564/299 670/1563/299 682/1536/299 
f 684/1539/288 668/1565/288 671/1566/288 683/1540/288 
f 659/1567/298 669/1568/298 668/1569/298 684/1570/298 
f 658/1571/298 672/1572/298 669/1568/298 659/1567/298 
f 689/1573/298 673/1574/298 672/1572/298 658/1571/298 
f 689/1573/298 663/1575/298 676/1576/298 673/1574/298 
f 662/1577/287 688/1578/287 676/1576/287 663/1575/287 
f 679/1557/288 687/1579/288 688/1580/288 662/1525/288 
f 690/1581/303 691/1582/303 692/1583/303 693/1584/303 
f 694/1585/304 695/1586/304 693/1587/304 692/1588/304 
f 696/1589/305 697/1590/305 698/1591/305 699/1592/305 
f 700/1593/297 701/1594/297 702/1595/297 703/1596/297 
f 704/1350/306 700/1597/306 703/1598/306 705/1361/306 
f 706/1599/292 707/1600/292 696/1601/292 699/1602/292 
f 708/1603/304 709/1604/304 710/1605/304 711/1606/304 
f 712/1607/301 713/1608/301 714/1609/301 715/1610/301 
f 716/1611/306 717/1612/306 718/1613/306 719/1614/306 
f 720/1615/292 721/1616/292 717/1617/292 716/1618/292 
f 722/1619/292 723/1620/292 724/1621/292 708/1622/292 
f 725/1623/292 726/1624/292 720/1615/292 716/1618/292 
f 727/1625/307 728/1626/307 729/1627/307 715/1628/307 
f 730/1629/306 731/1630/306 732/1631/306 733/1632/306 
f 711/1606/307 734/1633/307 722/1634/307 708/1603/307 
f 719/1614/308 735/1635/308 725/1636/308 716/1611/308 
f 732/1637/290 736/1638/290 737/1639/290 733/1640/290 
f 729/1641/301 738/1642/301 712/1607/301 715/1610/301 
f 699/1643/307 698/1644/307 739/1645/307 740/1646/307 
f 739/1645/307 698/1644/307 741/1647/307 710/1605/307 
f 742/1648/309 743/1649/309 737/1650/309 711/1651/309 
f 744/1652/310 745/1653/310 730/1654/310 733/1655/310 
f 730/1654/303 745/1653/303 746/1656/303 724/1657/303 
f 747/1658/307 706/1659/307 709/1604/307 708/1603/307 
f 690/1581/303 748/1660/303 749/1661/303 691/1582/303 
f 750/1662/305 705/1663/305 703/1664/305 702/1376/305 
f 751/1665/290 741/1666/290 698/1667/290 697/1668/290 
f 752/1669/292 704/1670/292 705/1671/292 750/1672/292 
f 753/1673/296 754/1674/296 755/1675/296 756/1676/296 
f 757/1677/292 758/1678/292 759/1679/292 760/1680/292 
f 723/1620/292 731/1681/292 730/1682/292 724/1621/292 
f 726/1624/292 728/1683/292 727/1684/292 720/1615/292 
f 736/1638/296 734/1685/296 711/1686/296 737/1639/296 
f 738/1642/290 735/1687/290 719/1688/290 712/1607/290 
f 743/1649/303 744/1652/303 733/1655/303 737/1650/303 
f 746/1656/309 747/1689/309 708/1690/309 724/1657/309 
f 761/1691/290 744/1692/290 743/1693/290 751/1665/290 
f 762/1694/306 745/1695/306 744/1696/306 761/1697/306 
f 706/1599/292 747/1698/292 746/1699/292 707/1600/292 
f 709/1604/307 740/1646/307 739/1645/307 710/1605/307 
f 710/1605/307 741/1647/307 742/1700/307 711/1606/307 
f 706/1659/307 699/1643/307 740/1646/307 709/1604/307 
f 751/1665/290 743/1693/290 742/1701/290 741/1666/290 
f 707/1600/292 746/1699/292 745/1702/292 762/1703/292 
f 750/1704/306 702/1705/306 697/1706/306 696/1707/306 
f 702/1705/306 701/1708/306 751/1709/306 697/1706/306 
f 751/1710/311 701/1711/311 700/1712/311 761/1713/311 
f 700/1712/305 704/1714/305 762/1715/305 761/1713/305 
f 704/1714/305 752/1716/305 707/1717/305 762/1715/305 
f 707/1718/306 752/1719/306 750/1704/306 696/1707/306 
f 763/1720/307 727/1625/307 715/1628/307 714/1721/307 
f 764/1722/301 765/1723/301 766/1724/301 767/1725/301 
f 768/1726/308 769/1727/308 770/1728/308 771/1729/308 
f 772/1730/292 773/1731/292 769/1732/292 768/1733/292 
f 713/1608/296 712/1607/296 719/1688/296 718/1734/296 
f 721/1616/292 720/1615/292 727/1684/292 763/1735/292 
f 760/1736/303 759/1737/303 692/1583/303 691/1582/303 
f 759/1738/304 758/1739/304 694/1585/304 692/1588/304 
f 774/1740/311 775/1741/311 721/1742/311 763/1743/311 
f 775/1741/305 776/1744/305 717/1745/305 721/1742/305 
f 776/1744/311 777/1746/311 718/1747/311 717/1745/311 
f 718/1747/305 777/1746/305 778/1748/305 713/1749/305 
f 778/1748/305 779/1750/305 714/1751/305 713/1749/305 
f 779/1752/307 780/1753/307 695/1586/307 714/1721/307 
f 781/1754/309 756/1755/309 690/1581/309 693/1584/309 
f 756/1755/309 755/1756/309 748/1660/309 690/1581/309 
f 755/1756/309 782/1757/309 749/1661/309 748/1660/309 
f 749/1661/303 782/1757/303 760/1736/303 691/1582/303 
f 694/1585/304 763/1720/304 714/1721/304 695/1586/304 
f 765/1723/296 764/1722/296 771/1758/296 770/1759/296 
f 773/1731/292 772/1730/292 783/1760/292 784/1761/292 
f 753/1673/296 756/1676/296 781/1762/296 780/1763/296 
f 785/1764/306 782/1765/306 755/1766/306 754/1767/306 
f 757/1677/292 760/1680/292 782/1768/292 785/1769/292 
f 758/1739/307 774/1770/307 763/1720/307 694/1585/307 
f 780/1753/307 781/1771/307 693/1587/307 695/1586/307 
f 783/1772/311 772/1773/311 775/1741/311 774/1740/311 
f 772/1773/305 768/1774/305 776/1744/305 775/1741/305 
f 768/1774/311 771/1775/311 777/1746/311 776/1744/311 
f 777/1746/311 771/1775/311 764/1776/311 778/1748/311 
f 764/1776/305 767/1777/305 779/1750/305 778/1748/305 
f 767/1778/307 766/1779/307 780/1753/307 779/1752/307 
f 766/1780/309 765/1781/309 753/1782/309 780/1783/309 
f 765/1781/303 770/1784/303 754/1785/303 753/1782/303 
f 770/1784/310 769/1786/310 785/1787/310 754/1785/310 
f 785/1787/309 769/1786/309 773/1788/309 757/1789/309 
f 773/1788/303 784/1790/303 758/1791/303 757/1789/303 
f 784/1792/307 783/1793/307 774/1770/307 758/1739/307 
f 731/1681/292 723/1620/292 726/1624/292 725/1623/292 
f 722/1634/307 734/1633/307 729/1627/307 728/1626/307 
f 732/1631/306 731/1630/306 725/1636/306 735/1635/306 
f 734/1685/301 736/1638/301 738/1642/301 729/1641/301 
f 723/1620/292 722/1619/292 728/1683/292 726/1624/292 
f 736/1638/296 732/1637/296 735/1687/296 738/1642/296 
f 786/1794/279 787/1795/279 788/1796/279 789/1797/279 
f 787/1798/312 790/1799/312 791/1800/312 788/1801/312 
f 788/1802/313 791/1327/313 792/1803/313 789/1804/313 
f 791/1805/314 790/1806/314 793/1807/314 792/1808/314 
f 790/1809/315 787/1329/315 786/1810/315 793/1811/315 
f 793/1812/316 786/1813/316 789/1354/316 792/1383/316 
f 794/1814/317 795/1353/317 796/1815/317 797/1807/317 
f 798/1816/318 799/1817/318 800/1818/318 801/1819/318 
f 802/1820/319 803/1821/319 804/1822/319 805/1823/319 
f 806/1824/320 807/1825/320 808/1826/320 809/1827/320 
f 799/1828/321 803/1829/321 802/1830/321 800/1831/321 
f 810/1832/322 811/1833/322 812/1834/322 813/1835/322 
f 801/1836/323 805/1837/323 804/1838/323 798/1839/323 
f 800/1818/318 807/1840/318 806/1841/318 801/1819/318 
f 802/1830/321 808/1842/321 807/1843/321 800/1831/321 
f 805/1823/319 809/1844/319 808/1845/319 802/1820/319 
f 801/1836/323 806/1846/323 809/1847/323 805/1837/323 
f 798/1816/318 810/1848/318 813/1849/318 799/1817/318 
f 804/1838/323 811/1850/323 810/1851/323 798/1839/323 
f 803/1821/319 812/1852/319 811/1853/319 804/1822/319 
f 799/1828/321 813/1854/321 812/1855/321 803/1829/321 
f 814/1856/324 815/1857/324 816/1858/324 817/1859/324 
f 818/1860/325 819/1861/325 820/1862/325 821/1863/325 
f 822/1864/326 818/1865/326 821/1866/326 823/1867/326 
f 824/1868/327 822/1869/327 823/1870/327 825/1871/327 
f 819/1872/328 824/1873/328 825/1874/328 820/1875/328 
f 826/1876/329 827/1877/329 828/1878/329 829/1879/329 
f 830/1880/330 831/1881/330 832/1882/330 833/1883/330 
f 831/1884/331 834/1885/331 835/1886/331 832/1887/331 
f 834/1888/332 836/1889/332 837/1890/332 835/1891/332 
f 836/1892/333 830/1893/333 833/1894/333 837/1895/333 
f 838/1896/334 839/1897/334 840/1898/334 841/1899/334 
f 842/1900/335 843/1901/335 844/1902/335 845/1903/335 
f 843/1904/336 842/1905/336 846/1906/336 847/1907/336 
f 847/1907/336 846/1906/336 819/1861/336 818/1860/336 
f 817/1908/337 816/1909/337 821/1863/337 820/1862/337 
f 844/1910/326 843/1911/326 847/1912/326 848/1913/326 
f 848/1913/326 847/1912/326 818/1865/326 822/1864/326 
f 816/1914/326 815/1915/326 823/1867/326 821/1866/326 
f 845/1916/338 844/1917/338 848/1918/338 849/1919/338 
f 849/1919/339 848/1918/339 822/1869/339 824/1868/339 
f 815/1920/340 814/1921/340 825/1871/340 823/1870/340 
f 842/1922/328 845/1923/328 849/1924/328 846/1925/328 
f 846/1925/328 849/1924/328 824/1873/328 819/1872/328 
f 814/1926/328 817/1927/328 820/1875/328 825/1874/328 
f 841/1928/341 840/1929/341 850/1930/341 851/1931/341 
f 851/1931/341 850/1930/341 831/1881/341 830/1880/341 
f 826/1932/342 829/1933/342 833/1883/342 832/1882/342 
f 840/1934/343 839/1935/343 852/1936/343 850/1937/343 
f 850/1937/331 852/1936/331 834/1885/331 831/1884/331 
f 827/1938/331 826/1939/331 832/1887/331 835/1886/331 
f 839/1940/344 838/1941/344 853/1942/344 852/1943/344 
f 852/1943/345 853/1942/345 836/1889/345 834/1888/345 
f 828/1944/346 827/1945/346 835/1891/346 837/1890/346 
f 838/1946/347 841/1947/347 851/1948/347 853/1949/347 
f 853/1949/347 851/1948/347 830/1893/347 836/1892/347 
f 829/1950/347 828/1951/347 837/1895/347 833/1894/347 
f 854/1952/348 855/1953/348 856/1821/348 857/1820/348 
f 858/1954/349 859/1955/349 860/1956/349 861/1957/349 
f 862/1958/320 863/1959/320 864/1960/320 865/1961/320 
f 860/1962/350 859/1963/350 855/1964/350 854/1965/350 
f 866/1966/322 867/1967/322 868/1968/322 869/1969/322 
f 858/1970/351 861/1971/351 857/1972/351 856/1973/351 
f 862/1845/348 865/1974/348 854/1952/348 857/1820/348 
f 865/1975/350 864/1976/350 860/1962/350 854/1965/350 
f 864/1977/349 863/1978/349 861/1957/349 860/1956/349 
f 863/1979/351 862/1980/351 857/1972/351 861/1971/351 
f 869/1981/352 868/1852/352 856/1821/352 855/1953/352 
f 868/1982/351 867/1983/351 858/1970/351 856/1973/351 
f 867/1984/349 866/1985/349 859/1955/349 858/1954/349 
f 866/1986/350 869/1987/350 855/1964/350 859/1963/350 
f 627/1407/292 635/1469/292 630/1411/292 629/1410/292 
f 638/1421/288 628/1420/288 632/1413/288 631/1412/288 
f 635/1417/291 634/1416/291 639/1423/291 630/1422/291 
f 641/1425/290 638/1473/290 631/1429/290 642/1428/290 
f 628/1408/292 627/1407/292 629/1410/292 632/1471/292 
f 634/1426/290 641/1425/290 642/1428/290 639/1475/290 
# 270 polygons

#
# object Bone013
#

v  0.2000 26.4578 -22.1191
v  -0.2000 26.4578 -22.1191
v  -0.2000 26.8225 -21.9549
v  0.2000 26.8225 -21.9549
v  2.0000 25.2199 -14.0093
v  -2.0000 25.2199 -14.0093
v  2.0000 21.5724 -15.6512
v  -2.0000 21.5724 -15.6512
v  0.0000 22.5752 -13.0065
# 9 vertices

vn 0.5104 -0.1814 -0.8406
vn -0.5104 -0.1814 -0.8406
vn -0.5104 0.7495 -0.4216
vn 0.5104 0.7495 -0.4216
vn 0.6833 0.5176 0.5150
vn -0.6833 0.5176 0.5150
vn 0.6833 -0.7287 -0.0460
vn -0.6833 -0.7287 -0.0460
vn -0.0000 -0.4105 0.9119
# 9 vertex normals

o Bone013
g Bone013
usemtl wire_174186203
s 1
f 870//353 871//354 872//355 873//356 
s 2
f 874//357 873//356 872//355 875//358 
s 4
f 876//359 870//353 873//356 874//357 
s 8
f 871//354 877//360 875//358 872//355 
s 16
f 870//353 876//359 877//360 871//354 
s 32
f 878//361 876//359 874//357 
s 64
f 878//361 874//357 875//358 
s 128
f 878//361 875//358 877//360 
s 256
f 878//361 877//360 876//359 
# 5 polygons - 4 triangles

#
# object Bone030
#

v  9.0200 10.4890 -11.1611
v  8.6261 10.4280 -11.1943
v  8.6261 10.6195 -11.5455
v  9.0200 10.6805 -11.5122
v  9.7630 16.9435 -10.1464
v  5.8237 16.3337 -10.4790
v  9.7630 15.0281 -6.6348
v  5.8237 14.4183 -6.9674
v  7.4460 17.4100 -7.6138
# 9 vertices

vn 0.6050 -0.7864 0.1250
vn -0.3529 -0.9346 0.0442
vn -0.3529 -0.4689 -0.8097
vn 0.6050 -0.3206 -0.7288
vn 0.6418 0.6241 -0.4457
vn -0.7175 0.4137 -0.5604
vn 0.6418 -0.0368 0.7660
vn -0.7175 -0.2472 0.6513
vn -0.1736 0.8646 0.4716
# 9 vertex normals

o Bone030
g Bone030
usemtl wire_174186203
s 1
f 879//362 880//363 881//364 882//365 
s 2
f 883//366 882//365 881//364 884//367 
s 4
f 885//368 879//362 882//365 883//366 
s 8
f 880//363 886//369 884//367 881//364 
s 16
f 879//362 885//368 886//369 880//363 
s 32
f 887//370 885//368 883//366 
s 64
f 887//370 883//366 884//367 
s 128
f 887//370 884//367 886//369 
s 256
f 887//370 886//369 885//368 
# 5 polygons - 4 triangles

#
# object Bone031
#

v  9.7203 7.3262 -13.6572
v  9.3264 7.2653 -13.6905
v  9.3149 7.5116 -14.0054
v  9.7088 7.5726 -13.9721
v  11.0774 10.5450 -13.9834
v  7.1382 9.9352 -14.3160
v  11.1928 8.0815 -10.8341
v  7.2536 7.4717 -11.1667
v  8.8230 10.5543 -11.3532
# 9 vertices

vn 0.4826 -0.8370 -0.2581
vn -0.1599 -0.9364 -0.3124
vn -0.1787 -0.5346 -0.8260
vn 0.4637 -0.4352 -0.7717
vn 0.6716 0.5620 -0.4828
vn -0.7207 0.3465 -0.6004
vn 0.7124 -0.3087 0.6303
vn -0.6799 -0.5242 0.5127
vn -0.1712 0.7729 0.6109
# 9 vertex normals

o Bone031
g Bone031
usemtl wire_174186203
s 1
f 888//371 889//372 890//373 891//374 
s 2
f 892//375 891//374 890//373 893//376 
s 4
f 894//377 888//371 891//374 892//375 
s 8
f 889//372 895//378 893//376 890//373 
s 16
f 888//371 894//377 895//378 889//372 
s 32
f 896//379 894//377 892//375 
s 64
f 896//379 892//375 893//376 
s 128
f 896//379 893//376 895//378 
s 256
f 896//379 895//378 894//377 
# 5 polygons - 4 triangles

#
# object Bone032
#

v  10.4583 2.9452 -14.3653
v  10.0644 2.8842 -14.3986
v  10.0868 2.9538 -14.7919
v  10.4807 3.0147 -14.7586
v  11.9281 6.1257 -15.9567
v  7.9889 5.5160 -16.2893
v  11.7037 5.4303 -12.0240
v  7.7645 4.8205 -12.3566
v  9.5176 7.4189 -13.8313
# 9 vertices

vn 0.4837 -0.8370 0.2559
vn -0.2451 -0.9498 0.1944
vn -0.2036 -0.8211 -0.5332
vn 0.5252 -0.7083 -0.4716
vn 0.7229 0.2974 -0.6237
vn -0.6665 0.0823 -0.7410
vn 0.6438 0.0521 0.7634
vn -0.7456 -0.1630 0.6461
vn -0.1643 0.9729 0.1627
# 9 vertex normals

o Bone032
g Bone032
usemtl wire_174186203
s 1
f 897//380 898//381 899//382 900//383 
s 2
f 901//384 900//383 899//382 902//385 
s 4
f 903//386 897//380 900//383 901//384 
s 8
f 898//381 904//387 902//385 899//382 
s 16
f 897//380 903//386 904//387 898//381 
s 32
f 905//388 903//386 901//384 
s 64
f 905//388 901//384 902//385 
s 128
f 905//388 902//385 904//387 
s 256
f 905//388 904//387 903//386 
# 5 polygons - 4 triangles

#
# object Bone033
#

v  57.8095 25.6993 7.9733
v  57.7973 25.2995 7.9694
v  57.9208 25.2995 7.5889
v  57.9331 25.6993 7.5929
v  8.8699 29.1759 -10.2298
v  8.7477 25.1780 -10.2694
v  7.6346 29.1759 -6.4253
v  7.5125 25.1780 -6.4649
v  6.2899 27.2411 -8.9647
# 9 vertices

vn 0.4079 0.5487 0.7297
vn 0.3732 -0.5869 0.7185
vn 0.7241 -0.5869 -0.3622
vn 0.7588 0.5487 -0.3509
vn -0.1288 0.6685 -0.7325
vn -0.1689 -0.6447 -0.7455
vn -0.5345 0.6685 0.5171
vn -0.5746 -0.6447 0.5041
vn -0.9506 0.0321 -0.3087
# 9 vertex normals

o Bone033
g Bone033
usemtl wire_174186203
s 1
f 906//389 907//390 908//391 909//392 
s 2
f 910//393 909//392 908//391 911//394 
s 4
f 912//395 906//389 909//392 910//393 
s 8
f 907//390 913//396 911//394 908//391 
s 16
f 906//389 912//395 913//396 907//390 
s 32
f 914//397 912//395 910//393 
s 64
f 914//397 910//393 911//394 
s 128
f 914//397 911//394 913//396 
s 256
f 914//397 913//396 912//395 
# 5 polygons - 4 triangles

#
# object Bone034
#

v  -57.8095 25.6993 7.9733
v  -57.7973 25.2995 7.9693
v  -57.9208 25.2995 7.5889
v  -57.9330 25.6993 7.5928
v  -8.8699 29.1759 -10.2298
v  -8.7477 25.1780 -10.2694
v  -7.6346 29.1759 -6.4253
v  -7.5125 25.1780 -6.4650
v  -6.2899 27.2411 -8.9647
# 9 vertices

vn -0.4079 0.5487 0.7297
vn -0.3732 -0.5869 0.7185
vn -0.7241 -0.5869 -0.3622
vn -0.7588 0.5487 -0.3509
vn 0.1288 0.6685 -0.7325
vn 0.1689 -0.6447 -0.7455
vn 0.5345 0.6685 0.5171
vn 0.5746 -0.6447 0.5041
vn 0.9506 0.0321 -0.3087
# 9 vertex normals

o Bone034
g Bone034
usemtl wire_174186203
s 1
f 918//401 917//400 916//399 915//398 
s 2
f 920//403 917//400 918//401 919//402 
s 4
f 919//402 918//401 915//398 921//404 
s 8
f 917//400 920//403 922//405 916//399 
s 16
f 916//399 922//405 921//404 915//398 
s 32
f 919//402 921//404 923//406 
s 64
f 920//403 919//402 923//406 
s 128
f 922//405 920//403 923//406 
s 256
f 921//404 922//405 923//406 
# 5 polygons - 4 triangles

#
# object Bone035
#

v  -9.0200 10.4890 -11.1611
v  -8.6261 10.4280 -11.1943
v  -8.6261 10.6195 -11.5455
v  -9.0200 10.6805 -11.5122
v  -9.7630 16.9435 -10.1464
v  -5.8237 16.3337 -10.4790
v  -9.7630 15.0281 -6.6348
v  -5.8237 14.4183 -6.9674
v  -7.4460 17.4100 -7.6138
# 9 vertices

vn -0.6050 -0.7864 0.1250
vn 0.3529 -0.9346 0.0442
vn 0.3529 -0.4689 -0.8097
vn -0.6050 -0.3206 -0.7288
vn -0.6418 0.6241 -0.4457
vn 0.7175 0.4137 -0.5604
vn -0.6418 -0.0368 0.7660
vn 0.7175 -0.2472 0.6513
vn 0.1736 0.8646 0.4716
# 9 vertex normals

o Bone035
g Bone035
usemtl wire_174186203
s 1
f 927//410 926//409 925//408 924//407 
s 2
f 929//412 926//409 927//410 928//411 
s 4
f 928//411 927//410 924//407 930//413 
s 8
f 926//409 929//412 931//414 925//408 
s 16
f 925//408 931//414 930//413 924//407 
s 32
f 928//411 930//413 932//415 
s 64
f 929//412 928//411 932//415 
s 128
f 931//414 929//412 932//415 
s 256
f 930//413 931//414 932//415 
# 5 polygons - 4 triangles

#
# object Bone036
#

v  -9.7203 7.3263 -13.6572
v  -9.3264 7.2653 -13.6905
v  -9.3149 7.5116 -14.0054
v  -9.7088 7.5726 -13.9722
v  -11.0774 10.5450 -13.9834
v  -7.1382 9.9352 -14.3160
v  -11.1928 8.0815 -10.8341
v  -7.2536 7.4717 -11.1667
v  -8.8230 10.5543 -11.3532
# 9 vertices

vn -0.4826 -0.8370 -0.2581
vn 0.1599 -0.9364 -0.3124
vn 0.1787 -0.5346 -0.8260
vn -0.4637 -0.4352 -0.7717
vn -0.6716 0.5620 -0.4828
vn 0.7207 0.3465 -0.6004
vn -0.7124 -0.3087 0.6302
vn 0.6799 -0.5242 0.5127
vn 0.1712 0.7729 0.6109
# 9 vertex normals

o Bone036
g Bone036
usemtl wire_174186203
s 1
f 936//419 935//418 934//417 933//416 
s 2
f 938//421 935//418 936//419 937//420 
s 4
f 937//420 936//419 933//416 939//422 
s 8
f 935//418 938//421 940//423 934//417 
s 16
f 934//417 940//423 939//422 933//416 
s 32
f 937//420 939//422 941//424 
s 64
f 938//421 937//420 941//424 
s 128
f 940//423 938//421 941//424 
s 256
f 939//422 940//423 941//424 
# 5 polygons - 4 triangles

#
# object Bone037
#

v  -10.4583 2.9452 -14.3653
v  -10.0644 2.8842 -14.3986
v  -10.0868 2.9538 -14.7919
v  -10.4807 3.0148 -14.7586
v  -11.9281 6.1258 -15.9567
v  -7.9889 5.5160 -16.2893
v  -11.7037 5.4303 -12.0240
v  -7.7645 4.8205 -12.3566
v  -9.5176 7.4189 -13.8313
# 9 vertices

vn -0.4837 -0.8370 0.2559
vn 0.2451 -0.9498 0.1944
vn 0.2036 -0.8211 -0.5332
vn -0.5252 -0.7083 -0.4716
vn -0.7229 0.2974 -0.6237
vn 0.6665 0.0823 -0.7410
vn -0.6438 0.0521 0.7634
vn 0.7456 -0.1630 0.6461
vn 0.1643 0.9729 0.1627
# 9 vertex normals

o Bone037
g Bone037
usemtl wire_174186203
s 1
f 945//428 944//427 943//426 942//425 
s 2
f 947//430 944//427 945//428 946//429 
s 4
f 946//429 945//428 942//425 948//431 
s 8
f 944//427 947//430 949//432 943//426 
s 16
f 943//426 949//432 948//431 942//425 
s 32
f 946//429 948//431 950//433 
s 64
f 947//430 946//429 950//433 
s 128
f 949//432 947//430 950//433 
s 256
f 948//431 949//432 950//433 
# 5 polygons - 4 triangles

#
# object Bone014
#

v  0.2000 22.5747 -7.4559
v  -0.2000 22.5747 -7.4559
v  -0.2000 22.1863 -7.3604
v  0.2000 22.1863 -7.3604
v  2.0000 18.8222 -13.5080
v  -2.0000 18.8222 -13.5080
v  2.0000 22.7066 -14.4625
v  -2.0000 22.7066 -14.4625
v  0.0000 20.2872 -15.9275
# 9 vertices

vn 0.4984 0.6532 0.5700
vn -0.4984 0.6532 0.5700
vn -0.4984 -0.3147 0.8078
vn 0.4984 -0.3147 0.8078
vn 0.6869 -0.7237 -0.0663
vn -0.6869 -0.7237 -0.0663
vn 0.6869 0.6105 -0.3942
vn -0.6869 0.6105 -0.3942
vn -0.0000 -0.2386 -0.9711
# 9 vertex normals

o Bone014
g Bone014
usemtl wire_174186203
s 1
f 951//434 952//435 953//436 954//437 
s 2
f 955//438 954//437 953//436 956//439 
s 4
f 957//440 951//434 954//437 955//438 
s 8
f 952//435 958//441 956//439 953//436 
s 16
f 951//434 957//440 958//441 952//435 
s 32
f 959//442 957//440 955//438 
s 64
f 959//442 955//438 956//439 
s 128
f 959//442 956//439 958//441 
s 256
f 959//442 958//441 957//440 
# 5 polygons - 4 triangles

#
# object Bone015
#

v  0.2000 22.9532 -0.9235
v  -0.2000 22.9532 -0.9235
v  -0.2000 22.5539 -0.9005
v  0.2000 22.5539 -0.9005
v  2.0000 20.4984 -5.2968
v  -2.0000 20.4984 -5.2968
v  2.0000 24.4919 -5.5261
v  -2.0000 24.4919 -5.5261
v  0.0000 22.3805 -7.4082
# 9 vertices

vn 0.4558 0.4989 0.7371
vn -0.4558 0.4989 0.7371
vn -0.4558 -0.4113 0.7893
vn 0.4558 -0.4113 0.7893
vn 0.6964 -0.7052 -0.1332
vn -0.6964 -0.7052 -0.1332
vn 0.6964 0.6853 -0.2130
vn -0.6964 0.6853 -0.2130
vn -0.0000 -0.0573 -0.9984
# 9 vertex normals

o Bone015
g Bone015
usemtl wire_174186203
s 1
f 960//443 961//444 962//445 963//446 
s 2
f 964//447 963//446 962//445 965//448 
s 4
f 966//449 960//443 963//446 964//447 
s 8
f 961//444 967//450 965//448 962//445 
s 16
f 960//443 966//449 967//450 961//444 
s 32
f 968//451 966//449 964//447 
s 64
f 968//451 964//447 965//448 
s 128
f 968//451 965//448 967//450 
s 256
f 968//451 967//450 966//449 
# 5 polygons - 4 triangles

#
# object Bone016
#

v  0.2000 22.2973 8.0394
v  -0.2000 22.2973 8.0394
v  -0.2000 21.8984 8.0101
v  0.2000 21.8984 8.0101
v  2.0000 20.6126 0.9363
v  -2.0000 20.6126 0.9363
v  2.0000 24.6018 1.2290
v  -2.0000 24.6018 1.2290
v  0.0000 22.7535 -0.9120
# 9 vertices

vn 0.5006 0.4476 0.7409
vn -0.5006 0.4476 0.7409
vn -0.5006 -0.5510 0.6677
vn 0.5006 -0.5510 0.6677
vn 0.6863 -0.6668 -0.2904
vn -0.6863 -0.6668 -0.2904
vn 0.6863 0.7021 -0.1900
vn -0.6863 0.7021 -0.1900
vn 0.0000 0.0732 -0.9973
# 9 vertex normals

o Bone016
g Bone016
usemtl wire_174186203
s 1
f 969//452 970//453 971//454 972//455 
s 2
f 973//456 972//455 971//454 974//457 
s 4
f 975//458 969//452 972//455 973//456 
s 8
f 970//453 976//459 974//457 971//454 
s 16
f 969//452 975//458 976//459 970//453 
s 32
f 977//460 975//458 973//456 
s 64
f 977//460 973//456 974//457 
s 128
f 977//460 974//457 976//459 
s 256
f 977//460 976//459 975//458 
# 5 polygons - 4 triangles

#
# object Bone017
#

v  0.2000 20.7246 14.8836
v  -0.2000 20.7246 14.8836
v  -0.2000 20.3348 14.7939
v  0.2000 20.3348 14.7939
v  2.0000 19.6997 9.5254
v  -2.0000 19.6997 9.5254
v  2.0000 23.5979 10.4222
v  -2.0000 23.5979 10.4222
v  0.0000 22.0972 8.0247
# 9 vertices

vn 0.4681 0.2882 0.8353
vn -0.4681 0.2882 0.8353
vn -0.4681 -0.6242 0.6254
vn 0.4681 -0.6242 0.6254
vn 0.6941 -0.6337 -0.3415
vn -0.6941 -0.6337 -0.3415
vn 0.6941 0.7192 -0.0303
vn -0.6941 0.7192 -0.0303
vn -0.0000 0.2242 -0.9745
# 9 vertex normals

o Bone017
g Bone017
usemtl wire_174186203
s 1
f 978//461 979//462 980//463 981//464 
s 2
f 982//465 981//464 980//463 983//466 
s 4
f 984//467 978//461 981//464 982//465 
s 8
f 979//462 985//468 983//466 980//463 
s 16
f 978//461 984//467 985//468 979//462 
s 32
f 986//469 984//467 982//465 
s 64
f 986//469 982//465 983//466 
s 128
f 986//469 983//466 985//468 
s 256
f 986//469 985//468 984//467 
# 5 polygons - 4 triangles

#
# object Bone018
#

v  0.2000 19.3812 21.0084
v  -0.2000 19.3812 21.0084
v  -0.2000 18.9905 20.9227
v  0.2000 18.9905 20.9227
v  2.0000 18.1476 16.3638
v  -2.0000 18.1476 16.3638
v  2.0000 22.0548 17.2208
v  -2.0000 22.0548 17.2208
v  0.0000 20.5297 14.8387
# 9 vertices

vn 0.4490 0.2730 0.8508
vn -0.4490 0.2730 0.8508
vn -0.4490 -0.6041 0.6584
vn 0.4490 -0.6041 0.6584
vn 0.6975 -0.6462 -0.3096
vn -0.6975 -0.6462 -0.3096
vn 0.6975 0.7165 -0.0107
vn -0.6975 0.7165 -0.0107
vn 0.0000 0.2142 -0.9768
# 9 vertex normals

o Bone018
g Bone018
usemtl wire_174186203
s 1
f 987//470 988//471 989//472 990//473 
s 2
f 991//474 990//473 989//472 992//475 
s 4
f 993//476 987//470 990//473 991//474 
s 8
f 988//471 994//477 992//475 989//472 
s 16
f 987//470 993//476 994//477 988//471 
s 32
f 995//478 993//476 991//474 
s 64
f 995//478 991//474 992//475 
s 128
f 995//478 992//475 994//477 
s 256
f 995//478 994//477 993//476 
# 5 polygons - 4 triangles

#
# object Bone019
#

v  0.2000 18.0780 26.9331
v  -0.2000 18.0780 26.9331
v  -0.2000 17.6873 26.8471
v  0.2000 17.6873 26.8471
v  2.0000 16.8030 22.4892
v  -2.0000 16.8030 22.4892
v  2.0000 20.7096 23.3485
v  -2.0000 20.7096 23.3485
v  0.0000 19.1859 20.9656
# 9 vertices

vn 0.4423 0.2644 0.8570
vn -0.4423 0.2644 0.8570
vn -0.4423 -0.5996 0.6669
vn 0.4423 -0.5996 0.6669
vn 0.6986 -0.6489 -0.3015
vn -0.6986 -0.6489 -0.3015
vn 0.6986 0.7156 -0.0014
vn -0.6986 0.7156 -0.0014
vn 0.0000 0.2148 -0.9766
# 9 vertex normals

o Bone019
g Bone019
usemtl wire_174186203
s 1
f 996//479 997//480 998//481 999//482 
s 2
f 1000//483 999//482 998//481 1001//484 
s 4
f 1002//485 996//479 999//482 1000//483 
s 8
f 997//480 1003//486 1001//484 998//481 
s 16
f 996//479 1002//485 1003//486 997//480 
s 32
f 1004//487 1002//485 1000//483 
s 64
f 1004//487 1000//483 1001//484 
s 128
f 1004//487 1001//484 1003//486 
s 256
f 1004//487 1003//486 1002//485 
# 5 polygons - 4 triangles

#
# object Bone020
#

v  0.2000 17.1261 32.1388
v  -0.2000 17.1261 32.1388
v  -0.2000 16.7327 32.0668
v  0.2000 16.7327 32.0668
v  2.0000 15.5555 28.4977
v  -2.0000 15.5555 28.4977
v  2.0000 19.4903 29.2173
v  -2.0000 19.4903 29.2173
v  0.0000 17.8827 26.8901
# 9 vertices

vn 0.4112 0.2582 0.8742
vn -0.4112 0.2582 0.8742
vn -0.4112 -0.5509 0.7262
vn 0.4112 -0.5509 0.7262
vn 0.7023 -0.6700 -0.2403
vn -0.7023 -0.6700 -0.2403
vn 0.7023 0.7117 0.0124
vn -0.7023 0.7117 0.0124
vn 0.0000 0.1799 -0.9837
# 9 vertex normals

o Bone020
g Bone020
usemtl wire_174186203
s 1
f 1005//488 1006//489 1007//490 1008//491 
s 2
f 1009//492 1008//491 1007//490 1010//493 
s 4
f 1011//494 1005//488 1008//491 1009//492 
s 8
f 1006//489 1012//495 1010//493 1007//490 
s 16
f 1005//488 1011//494 1012//495 1006//489 
s 32
f 1013//496 1011//494 1009//492 
s 64
f 1013//496 1009//492 1010//493 
s 128
f 1013//496 1010//493 1012//495 
s 256
f 1013//496 1012//495 1011//494 
# 5 polygons - 4 triangles

#
# object Bone021
#

v  0.2000 16.2386 37.1855
v  -0.2000 16.2386 37.1855
v  -0.2000 15.8446 37.1162
v  0.2000 15.8446 37.1162
v  2.0000 14.6132 33.7262
v  -2.0000 14.6132 33.7262
v  2.0000 18.5528 34.4190
v  -2.0000 18.5528 34.4190
v  0.0000 16.9294 32.1028
# 9 vertices

vn 0.4024 0.2539 0.8795
vn -0.4024 0.2539 0.8795
vn -0.4024 -0.5388 0.7401
vn 0.4024 -0.5388 0.7401
vn 0.7032 -0.6743 -0.2256
vn -0.7032 -0.6743 -0.2256
vn 0.7032 0.7108 0.0180
vn -0.7032 0.7108 0.0180
vn 0.0000 0.1732 -0.9849
# 9 vertex normals

o Bone021
g Bone021
usemtl wire_174186203
s 1
f 1014//497 1015//498 1016//499 1017//500 
s 2
f 1018//501 1017//500 1016//499 1019//502 
s 4
f 1020//503 1014//497 1017//500 1018//501 
s 8
f 1015//498 1021//504 1019//502 1016//499 
s 16
f 1014//497 1020//503 1021//504 1015//498 
s 32
f 1022//505 1020//503 1018//501 
s 64
f 1022//505 1018//501 1019//502 
s 128
f 1022//505 1019//502 1021//504 
s 256
f 1022//505 1021//504 1020//503 
# 5 polygons - 4 triangles

#
# object Bone022
#

v  0.2000 15.3907 41.5924
v  -0.2000 15.3907 41.5924
v  -0.2000 14.9979 41.5168
v  0.2000 14.9979 41.5168
v  2.0000 13.6998 38.7368
v  -2.0000 13.6998 38.7368
v  2.0000 17.6277 39.4926
v  -2.0000 17.6277 39.4926
v  0.0000 16.0416 37.1507
# 9 vertices

vn 0.3621 0.1933 0.9119
vn -0.3621 0.1933 0.9119
vn -0.3621 -0.5179 0.7750
vn 0.3621 -0.5179 0.7750
vn 0.7058 -0.6816 -0.1929
vn -0.7058 -0.6816 -0.1929
vn 0.7058 0.7046 0.0738
vn -0.7058 0.7046 0.0738
vn 0.0000 0.1889 -0.9820
# 9 vertex normals

o Bone022
g Bone022
usemtl wire_174186203
s 1
f 1023//506 1024//507 1025//508 1026//509 
s 2
f 1027//510 1026//509 1025//508 1028//511 
s 4
f 1029//512 1023//506 1026//509 1027//510 
s 8
f 1024//507 1030//513 1028//511 1025//508 
s 16
f 1023//506 1029//512 1030//513 1024//507 
s 32
f 1031//514 1029//512 1027//510 
s 64
f 1031//514 1027//510 1028//511 
s 128
f 1031//514 1028//511 1030//513 
s 256
f 1031//514 1030//513 1029//512 
# 5 polygons - 4 triangles

#
# object Bone023
#

v  0.2000 14.6895 45.5190
v  -0.2000 14.6895 45.5190
v  -0.2000 14.2958 45.4487
v  0.2000 14.2958 45.4487
v  2.0000 12.8736 43.1731
v  -2.0000 12.8736 43.1731
v  2.0000 16.8113 43.8762
v  -2.0000 16.8113 43.8762
v  -0.0000 15.1940 41.5558
# 9 vertices

vn 0.3198 0.1581 0.9342
vn -0.3198 0.1581 0.9342
vn -0.3198 -0.4716 0.8218
vn 0.3198 -0.4716 0.8218
vn 0.7070 -0.6928 -0.1423
vn -0.7070 -0.6928 -0.1423
vn 0.7070 0.6992 0.1062
vn -0.7070 0.6992 0.1062
vn -0.0000 0.1758 -0.9844
# 9 vertex normals

o Bone023
g Bone023
usemtl wire_174186203
s 1
f 1032//515 1033//516 1034//517 1035//518 
s 2
f 1036//519 1035//518 1034//517 1037//520 
s 4
f 1038//521 1032//515 1035//518 1036//519 
s 8
f 1033//516 1039//522 1037//520 1034//517 
s 16
f 1032//515 1038//521 1039//522 1033//516 
s 32
f 1040//523 1038//521 1036//519 
s 64
f 1040//523 1036//519 1037//520 
s 128
f 1040//523 1037//520 1039//522 
s 256
f 1040//523 1039//522 1038//521 
# 5 polygons - 4 triangles

#
# object Bone024
#

v  0.2000 13.9455 48.7047
v  -0.2000 13.9455 48.7047
v  -0.2000 13.5560 48.6137
v  0.2000 13.5560 48.6137
v  2.0000 12.0901 46.9763
v  -2.0000 12.0901 46.9763
v  2.0000 15.9852 47.8864
v  -2.0000 15.9852 47.8864
v  -0.0000 14.4927 45.4838
# 9 vertices

vn 0.2322 0.0112 0.9726
vn -0.2322 0.0112 0.9726
vn -0.2322 -0.4410 0.8670
vn 0.2322 -0.4410 0.8670
vn 0.7059 -0.7007 -0.1037
vn -0.7059 -0.7007 -0.1037
vn 0.7059 0.6741 0.2175
vn -0.7059 0.6741 0.2175
vn 0.0000 0.2275 -0.9738
# 9 vertex normals

o Bone024
g Bone024
usemtl wire_174186203
s 1
f 1041//524 1042//525 1043//526 1044//527 
s 2
f 1045//528 1044//527 1043//526 1046//529 
s 4
f 1047//530 1041//524 1044//527 1045//528 
s 8
f 1042//525 1048//531 1046//529 1043//526 
s 16
f 1041//524 1047//530 1048//531 1042//525 
s 32
f 1049//532 1047//530 1045//528 
s 64
f 1049//532 1045//528 1046//529 
s 128
f 1049//532 1046//529 1048//531 
s 256
f 1049//532 1048//531 1047//530 
# 5 polygons - 4 triangles

#
# object Bone025
#

v  0.2000 13.5554 50.8873
v  -0.2000 13.5554 50.8873
v  -0.2000 13.1617 50.8168
v  0.2000 13.1617 50.8168
v  2.0000 11.4299 50.2759
v  -2.0000 11.4299 50.2759
v  2.0000 15.3674 50.9801
v  -2.0000 15.3674 50.9801
v  -0.0000 13.7507 48.6592
# 9 vertices

vn 0.0472 -0.1292 0.9905
vn -0.0472 -0.1292 0.9905
vn -0.0472 -0.2221 0.9739
vn 0.0472 -0.2221 0.9739
vn 0.6938 -0.7169 0.0676
vn -0.6938 -0.7169 0.0676
vn 0.6938 0.6491 0.3119
vn -0.6938 0.6491 0.3119
vn 0.0000 0.1760 -0.9844
# 9 vertex normals

o Bone025
g Bone025
usemtl wire_174186203
s 1
f 1050//533 1051//534 1052//535 1053//536 
s 2
f 1054//537 1053//536 1052//535 1055//538 
s 4
f 1056//539 1050//533 1053//536 1054//537 
s 8
f 1051//534 1057//540 1055//538 1052//535 
s 16
f 1050//533 1056//539 1057//540 1051//534 
s 32
f 1058//541 1056//539 1054//537 
s 64
f 1058//541 1054//537 1055//538 
s 128
f 1058//541 1055//538 1057//540 
s 256
f 1058//541 1057//540 1056//539 
# 5 polygons - 4 triangles

#
# object Bone026
#

v  0.2000 12.8513 54.8248
v  -0.2000 12.8513 54.8248
v  -0.2000 12.4576 54.7544
v  0.2000 12.4576 54.7544
v  2.0000 11.0378 52.4687
v  -2.0000 11.0378 52.4687
v  2.0000 14.9753 53.1729
v  -2.0000 14.9753 53.1729
v  -0.0000 13.3586 50.8520
# 9 vertices

vn 0.3208 0.1589 0.9337
vn -0.3208 0.1589 0.9337
vn -0.3208 -0.4727 0.8208
vn 0.3208 -0.4727 0.8208
vn 0.7070 -0.6925 -0.1434
vn -0.7070 -0.6925 -0.1434
vn 0.7070 0.6993 0.1055
vn -0.7070 0.6993 0.1055
vn 0.0000 0.1760 -0.9844
# 9 vertex normals

o Bone026
g Bone026
usemtl wire_174186203
s 1
f 1059//542 1060//543 1061//544 1062//545 
s 2
f 1063//546 1062//545 1061//544 1064//547 
s 4
f 1065//548 1059//542 1062//545 1063//546 
s 8
f 1060//543 1066//549 1064//547 1061//544 
s 16
f 1059//542 1065//548 1066//549 1060//543 
s 32
f 1067//550 1065//548 1063//546 
s 64
f 1067//550 1063//546 1064//547 
s 128
f 1067//550 1064//547 1066//549 
s 256
f 1067//550 1066//549 1065//548 
# 5 polygons - 4 triangles

#
# object Bone005
#

v  -1.2942 29.6732 -1.6965
v  -1.2933 29.8018 -1.5433
v  -1.4933 29.8034 -1.5436
v  -1.4942 29.6748 -1.6968
v  -2.3780 31.2652 -4.2011
v  -2.3694 32.5507 -2.6690
v  -0.3781 31.2488 -4.1986
v  -0.3695 32.5344 -2.6664
v  -1.3667 32.6658 -4.0766
# 9 vertices

vn 0.4741 -0.8745 0.1027
vn 0.4782 -0.2556 0.8402
vn -0.4845 -0.2477 0.8390
vn -0.4886 -0.8666 0.1014
vn -0.6927 -0.2775 -0.6657
vn -0.6868 0.6112 0.3934
vn 0.6898 -0.2888 -0.6639
vn 0.6957 0.5999 0.3952
vn 0.0071 0.7660 -0.6428
# 9 vertex normals

o Bone005
g Bone005
usemtl wire_174186203
s 1
f 1068//551 1069//552 1070//553 1071//554 
s 2
f 1072//555 1071//554 1070//553 1073//556 
s 4
f 1074//557 1068//551 1071//554 1072//555 
s 8
f 1069//552 1075//558 1073//556 1070//553 
s 16
f 1068//551 1074//557 1075//558 1069//552 
s 32
f 1076//559 1074//557 1072//555 
s 64
f 1076//559 1072//555 1073//556 
s 128
f 1076//559 1073//556 1075//558 
s 256
f 1076//559 1075//558 1074//557 
# 5 polygons - 4 triangles

#
# object Bone006
#

v  -1.2845 29.3073 2.1536
v  -1.2838 29.5065 2.1710
v  -1.4838 29.5072 2.1716
v  -1.4845 29.3080 2.1541
v  -2.3948 28.6582 -0.7082
v  -2.3877 30.6506 -0.5338
v  -0.3948 28.6516 -0.7139
v  -0.3877 30.6440 -0.5395
v  -1.3938 29.7383 -1.6200
# 9 vertices

vn 0.4806 -0.5442 0.6876
vn 0.4841 0.4131 0.7714
vn -0.4769 0.4163 0.7741
vn -0.4803 -0.5410 0.6903
vn -0.6945 -0.6683 -0.2666
vn -0.6896 0.7094 -0.1460
vn 0.6885 -0.6729 -0.2705
vn 0.6934 0.7048 -0.1500
vn -0.0025 0.0872 -0.9962
# 9 vertex normals

o Bone006
g Bone006
usemtl wire_174186203
s 1
f 1077//560 1078//561 1079//562 1080//563 
s 2
f 1081//564 1080//563 1079//562 1082//565 
s 4
f 1083//566 1077//560 1080//563 1081//564 
s 8
f 1078//561 1084//567 1082//565 1079//562 
s 16
f 1077//560 1083//566 1084//567 1078//561 
s 32
f 1085//568 1083//566 1081//564 
s 64
f 1085//568 1081//564 1082//565 
s 128
f 1085//568 1082//565 1084//567 
s 256
f 1085//568 1084//567 1083//566 
# 5 polygons - 4 triangles

#
# object Bone010
#

v  1.2956 29.6733 -1.6965
v  1.2948 29.8018 -1.5433
v  1.4948 29.8033 -1.5435
v  1.4956 29.6747 -1.6967
v  2.3828 31.2642 -4.2004
v  2.3745 32.5497 -2.6683
v  0.3828 31.2499 -4.1992
v  0.3746 32.5354 -2.6671
v  1.3728 32.6658 -4.0766
# 9 vertices

vn -0.4751 -0.8740 0.1023
vn -0.4791 -0.2551 0.8399
vn 0.4837 -0.2482 0.8393
vn 0.4877 -0.8671 0.1018
vn 0.6929 -0.2782 -0.6652
vn 0.6872 0.6105 0.3939
vn -0.6896 -0.2881 -0.6644
vn -0.6953 0.6006 0.3947
vn -0.0059 0.7660 -0.6428
# 9 vertex normals

o Bone010
g Bone010
usemtl wire_174186203
s 1
f 1089//572 1088//571 1087//570 1086//569 
s 2
f 1091//574 1088//571 1089//572 1090//573 
s 4
f 1090//573 1089//572 1086//569 1092//575 
s 8
f 1088//571 1091//574 1093//576 1087//570 
s 16
f 1087//570 1093//576 1092//575 1086//569 
s 32
f 1090//573 1092//575 1094//577 
s 64
f 1091//574 1090//573 1094//577 
s 128
f 1093//576 1091//574 1094//577 
s 256
f 1092//575 1093//576 1094//577 
# 5 polygons - 4 triangles

#
# object Bone011
#

v  1.2829 29.3074 2.1535
v  1.2824 29.5067 2.1709
v  1.4824 29.5071 2.1716
v  1.4829 29.3079 2.1542
v  2.3944 28.6572 -0.7075
v  2.3893 30.6496 -0.5331
v  0.3945 28.6527 -0.7145
v  0.3894 30.6450 -0.5401
v  1.3952 29.7383 -1.6200
# 9 vertices

vn -0.4817 -0.5437 0.6873
vn -0.4841 0.4136 0.7711
vn 0.4768 0.4158 0.7744
vn 0.4793 -0.5415 0.6907
vn 0.6939 -0.6691 -0.2661
vn 0.6904 0.7086 -0.1456
vn -0.6890 -0.6722 -0.2710
vn -0.6926 0.7055 -0.1504
vn 0.0033 0.0872 -0.9962
# 9 vertex normals

o Bone011
g Bone011
usemtl wire_174186203
s 1
f 1098//581 1097//580 1096//579 1095//578 
s 2
f 1100//583 1097//580 1098//581 1099//582 
s 4
f 1099//582 1098//581 1095//578 1101//584 
s 8
f 1097//580 1100//583 1102//585 1096//579 
s 16
f 1096//579 1102//585 1101//584 1095//578 
s 32
f 1099//582 1101//584 1103//586 
s 64
f 1100//583 1099//582 1103//586 
s 128
f 1102//585 1100//583 1103//586 
s 256
f 1101//584 1102//585 1103//586 
# 5 polygons - 4 triangles

#
# object Bone012
#

v  4.0333 28.2853 -4.1766
v  4.0333 28.2853 -3.9766
v  4.2287 28.3279 -3.9766
v  4.2287 28.3279 -4.1766
v  4.3474 32.0091 -5.0766
v  4.3474 32.0091 -3.0766
v  2.3933 31.5832 -5.0766
v  2.3933 31.5832 -3.0766
v  3.1574 32.7732 -4.0766
# 9 vertices

vn -0.3414 -0.7941 -0.5027
vn -0.3414 -0.7941 0.5027
vn 0.6410 -0.5800 0.5027
vn 0.6410 -0.5800 -0.5027
vn 0.6179 0.3847 -0.6857
vn 0.6179 0.3847 0.6857
vn -0.7220 0.0926 -0.6857
vn -0.7220 0.0926 0.6857
vn -0.2130 0.9771 0.0000
# 9 vertex normals

o Bone012
g Bone012
usemtl wire_174186203
s 1
f 1107//590 1106//589 1105//588 1104//587 
s 2
f 1109//592 1106//589 1107//590 1108//591 
s 4
f 1108//591 1107//590 1104//587 1110//593 
s 8
f 1106//589 1109//592 1111//594 1105//588 
s 16
f 1105//588 1111//594 1110//593 1104//587 
s 32
f 1108//591 1110//593 1112//595 
s 64
f 1109//592 1108//591 1112//595 
s 128
f 1111//594 1109//592 1112//595 
s 256
f 1110//593 1111//594 1112//595 
# 5 polygons - 4 triangles

#
# object Bone001
#

v  -3.9751 28.2853 -4.1766
v  -3.9751 28.2853 -3.9766
v  -4.1705 28.3279 -3.9766
v  -4.1705 28.3279 -4.1766
v  -4.2892 32.0091 -5.0766
v  -4.2892 32.0091 -3.0766
v  -2.3351 31.5832 -5.0766
v  -2.3351 31.5832 -3.0766
v  -3.0991 32.7732 -4.0766
# 9 vertices

vn 0.3414 -0.7941 -0.5027
vn 0.3414 -0.7941 0.5027
vn -0.6410 -0.5800 0.5027
vn -0.6410 -0.5800 -0.5027
vn -0.6179 0.3847 -0.6857
vn -0.6179 0.3847 0.6857
vn 0.7220 0.0926 -0.6857
vn 0.7220 0.0926 0.6857
vn 0.2130 0.9771 0.0000
# 9 vertex normals

o Bone001
g Bone001
usemtl wire_174186203
s 1
f 1113//596 1114//597 1115//598 1116//599 
s 2
f 1117//600 1116//599 1115//598 1118//601 
s 4
f 1119//602 1113//596 1116//599 1117//600 
s 8
f 1114//597 1120//603 1118//601 1115//598 
s 16
f 1113//596 1119//602 1120//603 1114//597 
s 32
f 1121//604 1119//602 1117//600 
s 64
f 1121//604 1117//600 1118//601 
s 128
f 1121//604 1118//601 1120//603 
s 256
f 1121//604 1120//603 1119//602 
# 5 polygons - 4 triangles

#
# object Bone004
#

v  -0.2360 39.4993 -6.6893
v  -0.2360 39.6019 -6.4074
v  0.0639 39.6052 -6.4087
v  0.0639 39.5026 -6.6906
v  1.4820 33.6725 -6.0052
v  1.4820 34.6986 -3.1861
v  -1.5178 33.6389 -5.9930
v  -1.5177 34.6650 -3.1739
v  0.0000 32.7593 -4.0766
# 9 vertices

vn -0.5162 0.4743 -0.7132
vn -0.5162 0.8217 0.2414
vn 0.4996 0.8331 0.2373
vn 0.4996 0.4857 -0.7173
vn 0.6871 -0.4640 -0.5591
vn 0.6871 0.0040 0.7266
vn -0.6811 -0.4793 -0.5536
vn -0.6811 -0.0113 0.7321
vn 0.0119 -0.9396 0.3420
# 9 vertex normals

o Bone004
g Bone004
usemtl wire_174186203
s 1
f 1122//605 1123//606 1124//607 1125//608 
s 2
f 1126//609 1125//608 1124//607 1127//610 
s 4
f 1128//611 1122//605 1125//608 1126//609 
s 8
f 1123//606 1129//612 1127//610 1124//607 
s 16
f 1122//605 1128//611 1129//612 1123//606 
s 32
f 1130//613 1128//611 1126//609 
s 64
f 1130//613 1126//609 1127//610 
s 128
f 1130//613 1127//610 1129//612 
s 256
f 1130//613 1129//612 1128//611 
# 5 polygons - 4 triangles

#
# object Bone008
#

v  4.6005 36.8787 -8.7262
v  4.6005 36.7255 -8.5976
v  4.7980 36.7461 -8.5731
v  4.7980 36.8993 -8.7017
v  5.2877 39.2632 -7.2845
v  5.2877 37.7312 -5.9990
v  3.3134 39.0577 -7.5295
v  3.3134 37.5256 -6.2439
v  4.1406 39.0289 -6.0081
# 9 vertices

vn -0.3421 -0.1653 -0.9250
vn -0.3421 -0.8823 -0.3234
vn 0.5819 -0.7861 -0.2087
vn 0.5819 -0.0690 -0.8104
vn 0.6547 0.7240 -0.2170
vn 0.6547 -0.3395 0.6753
vn -0.7157 0.5813 -0.3871
vn -0.7157 -0.4822 0.5053
vn -0.1599 0.6345 0.7562
# 9 vertex normals

o Bone008
g Bone008
usemtl wire_174186203
s 1
f 1134//617 1133//616 1132//615 1131//614 
s 2
f 1136//619 1133//616 1134//617 1135//618 
s 4
f 1135//618 1134//617 1131//614 1137//620 
s 8
f 1133//616 1136//619 1138//621 1132//615 
s 16
f 1132//615 1138//621 1137//620 1131//614 
s 32
f 1135//618 1137//620 1139//622 
s 64
f 1136//619 1135//618 1139//622 
s 128
f 1138//621 1136//619 1139//622 
s 256
f 1137//620 1138//621 1139//622 
# 5 polygons - 4 triangles

#
# object Bone009
#

v  5.0684 35.1279 -10.8127
v  5.0684 34.9747 -10.6841
v  5.2656 34.9964 -10.6582
v  5.2656 35.1496 -10.7867
v  5.8541 37.0537 -9.9178
v  5.8542 35.5216 -8.6322
v  3.8830 36.8360 -10.1771
v  3.8831 35.3039 -8.8915
v  4.6993 36.8123 -8.6497
# 9 vertices

vn -0.2796 -0.2315 -0.9318
vn -0.2796 -0.8774 -0.3898
vn 0.5514 -0.7857 -0.2804
vn 0.5514 -0.1397 -0.8224
vn 0.6693 0.6949 -0.2628
vn 0.6694 -0.3794 0.6387
vn -0.7129 0.5423 -0.4446
vn -0.7129 -0.5321 0.4569
vn -0.1693 0.6335 0.7550
# 9 vertex normals

o Bone009
g Bone009
usemtl wire_174186203
s 1
f 1143//626 1142//625 1141//624 1140//623 
s 2
f 1145//628 1142//625 1143//626 1144//627 
s 4
f 1144//627 1143//626 1140//623 1146//629 
s 8
f 1142//625 1145//628 1147//630 1141//624 
s 16
f 1141//624 1147//630 1146//629 1140//623 
s 32
f 1144//627 1146//629 1148//631 
s 64
f 1145//628 1144//627 1148//631 
s 128
f 1147//630 1145//628 1148//631 
s 256
f 1146//629 1147//630 1148//631 
# 5 polygons - 4 triangles

#
# object Spear_PC
#

v  3.2694 35.2449 -0.3211
v  3.2695 35.2449 -22.1935
v  3.5194 35.6779 -22.1935
v  3.5194 35.6779 -0.3211
v  2.7695 35.2449 -0.3211
v  2.7695 35.2449 -22.1935
v  2.5195 35.6779 -0.3211
v  2.5195 35.6779 -22.1935
v  2.7695 36.1109 -0.3211
v  2.7695 36.1109 -22.1935
v  3.2694 36.1109 -0.3211
v  3.2695 36.1109 -22.1935
v  3.0195 35.6779 -22.1935
v  3.0195 35.6779 -0.3211
v  0.6105 35.6779 -20.4446
v  3.0195 35.6779 -29.6544
v  5.4283 35.6779 -20.4446
v  3.0195 38.0868 -20.4446
v  3.0195 36.1778 -22.1935
v  3.0195 35.1779 -22.1935
v  3.0195 33.2691 -20.4446
# 21 vertices

vn 0.8660 0.0000 -0.5000
vn 0.0000 0.0000 -1.0000
vn -0.8660 0.0000 -0.5000
vn -0.8660 0.0000 0.5000
vn 0.0000 0.0000 1.0000
vn 0.8660 0.0000 0.5000
vn 0.0000 1.0000 0.0000
vn 0.0000 -1.0000 0.0000
vn 1.0000 0.0000 0.0000
# 9 vertex normals

vt 0.1562 0.4766 0.0000
vt 0.1562 0.8438 0.0000
vt 0.1484 0.8438 0.0000
vt 0.1484 0.4766 0.0000
vt 0.0469 0.4922 0.0000
vt 0.0469 0.8594 0.0000
vt 0.0391 0.8594 0.0000
vt 0.0391 0.4922 0.0000
vt 0.0078 0.4688 0.0000
vt 0.0078 0.8359 0.0000
vt 0.0000 0.8359 0.0000
vt 0.0000 0.4688 0.0000
vt 0.0312 0.4766 0.0000
vt 0.0312 0.8438 0.0000
vt 0.0234 0.8438 0.0000
vt 0.0234 0.4766 0.0000
vt 0.1406 0.4922 0.0000
vt 0.1406 0.8594 0.0000
vt 0.1328 0.8594 0.0000
vt 0.1328 0.4922 0.0000
vt 0.0625 0.4766 0.0000
vt 0.0625 0.8438 0.0000
vt 0.0547 0.8438 0.0000
vt 0.0547 0.4766 0.0000
vt 0.0201 0.9927 0.0000
vt 0.0159 1.0000 0.0000
vt 0.0117 0.9927 0.0000
vt 0.0075 1.0000 0.0000
vt 0.0033 0.9927 0.0000
vt 0.0075 0.9855 0.0000
vt 0.0159 0.9855 0.0000
vt 0.0784 0.9844 0.0000
vt 0.0826 0.9916 0.0000
vt 0.0742 0.9916 0.0000
vt 0.0700 0.9844 0.0000
vt 0.0658 0.9916 0.0000
vt 0.0700 0.9989 0.0000
vt 0.0784 0.9989 0.0000
vt 0.0026 0.8456 0.0000
vt 0.0346 0.8749 0.0000
vt 0.0430 1.0000 0.0000
vt 0.0514 0.8749 0.0000
vt 0.0834 0.8456 0.0000
vt 0.0430 0.8749 0.0000
vt 0.0814 0.7831 0.0000
vt 0.1134 0.8124 0.0000
vt 0.1218 0.9375 0.0000
vt 0.1361 1.0000 0.0000
vt 0.1444 0.8749 0.0000
vt 0.1764 0.8456 0.0000
vt 0.1361 0.8749 0.0000
vt 0.1218 0.8124 0.0000
# 52 texture coords

o Spear_PC
g Spear_PC
usemtl m_a254802d_6560_f7d3_d9f2_1f724210e18f
s 1
f 1149/1988/632 1150/1989/632 1151/1990/632 1152/1991/632 
f 1153/1992/633 1154/1993/633 1150/1994/633 1149/1995/633 
f 1155/1996/634 1156/1997/634 1154/1998/634 1153/1999/634 
f 1157/2000/635 1158/2001/635 1156/2002/635 1155/2003/635 
f 1159/2004/636 1160/2005/636 1158/2006/636 1157/2007/636 
f 1152/2008/637 1151/2009/637 1160/2010/637 1159/2011/637 
f 1151/2012/638 1150/2013/638 1161/2014/638 
f 1150/2013/638 1154/2015/638 1161/2014/638 
f 1154/2015/638 1156/2016/638 1161/2014/638 
f 1156/2016/638 1158/2017/638 1161/2014/638 
f 1158/2017/638 1160/2018/638 1161/2014/638 
f 1160/2018/638 1151/2012/638 1161/2014/638 
f 1149/2019/639 1152/2020/639 1162/2021/639 
f 1153/2022/639 1149/2019/639 1162/2021/639 
f 1155/2023/639 1153/2022/639 1162/2021/639 
f 1157/2024/639 1155/2023/639 1162/2021/639 
f 1159/2025/639 1157/2024/639 1162/2021/639 
f 1152/2020/639 1159/2025/639 1162/2021/639 
f 1163/2026/636 1156/2027/636 1164/2028/636 
f 1164/2028/636 1151/2029/636 1165/2030/636 
f 1151/2029/636 1164/2028/636 1161/2031/636 
f 1164/2028/636 1156/2027/636 1161/2031/636 
f 1166/2032/640 1167/2033/640 1164/2034/640 
f 1164/2035/640 1168/2036/640 1169/2037/640 
f 1168/2036/640 1164/2035/640 1161/2038/640 
f 1164/2034/640 1167/2033/640 1161/2039/640 
# 6 polygons - 20 triangles

#
# object Bone002
#

v  -4.5827 36.8787 -8.7262
v  -4.5826 36.7255 -8.5976
v  -4.7801 36.7461 -8.5731
v  -4.7801 36.8993 -8.7017
v  -5.2698 39.2632 -7.2845
v  -5.2698 37.7312 -5.9990
v  -3.2955 39.0577 -7.5295
v  -3.2955 37.5256 -6.2440
v  -4.1228 39.0289 -6.0081
# 9 vertices

vn 0.3421 -0.1652 -0.9250
vn 0.3421 -0.8823 -0.3234
vn -0.5818 -0.7861 -0.2087
vn -0.5819 -0.0690 -0.8104
vn -0.6547 0.7240 -0.2170
vn -0.6547 -0.3395 0.6753
vn 0.7157 0.5813 -0.3871
vn 0.7157 -0.4822 0.5053
vn 0.1599 0.6345 0.7562
# 9 vertex normals

o Bone002
g Bone002
usemtl wire_174186203
s 1
f 1170//641 1171//642 1172//643 1173//644 
s 2
f 1174//645 1173//644 1172//643 1175//646 
s 4
f 1176//647 1170//641 1173//644 1174//645 
s 8
f 1171//642 1177//648 1175//646 1172//643 
s 16
f 1170//641 1176//647 1177//648 1171//642 
s 32
f 1178//649 1176//647 1174//645 
s 64
f 1178//649 1174//645 1175//646 
s 128
f 1178//649 1175//646 1177//648 
s 256
f 1178//649 1177//648 1176//647 
# 5 polygons - 4 triangles

#
# object Bone003
#

v  -5.0506 35.1279 -10.8127
v  -5.0506 34.9747 -10.6841
v  -5.2477 34.9964 -10.6582
v  -5.2477 35.1497 -10.7868
v  -5.8363 37.0537 -9.9178
v  -5.8363 35.5216 -8.6322
v  -3.8651 36.8360 -10.1772
v  -3.8652 35.3040 -8.8916
v  -4.6814 36.8123 -8.6497
# 9 vertices

vn 0.2796 -0.2315 -0.9318
vn 0.2796 -0.8774 -0.3898
vn -0.5514 -0.7857 -0.2804
vn -0.5514 -0.1397 -0.8224
vn -0.6694 0.6949 -0.2628
vn -0.6694 -0.3794 0.6387
vn 0.7129 0.5423 -0.4447
vn 0.7129 -0.5321 0.4569
vn 0.1693 0.6335 0.7550
# 9 vertex normals

o Bone003
g Bone003
usemtl wire_174186203
s 1
f 1179//650 1180//651 1181//652 1182//653 
s 2
f 1183//654 1182//653 1181//652 1184//655 
s 4
f 1185//656 1179//650 1182//653 1183//654 
s 8
f 1180//651 1186//657 1184//655 1181//652 
s 16
f 1179//650 1185//656 1186//657 1180//651 
s 32
f 1187//658 1185//656 1183//654 
s 64
f 1187//658 1183//654 1184//655 
s 128
f 1187//658 1184//655 1186//657 
s 256
f 1187//658 1186//657 1185//656 
# 5 polygons - 4 triangles

#
# object Bone007
#

v  -0.2365 44.3658 -6.6817
v  -0.2365 44.4007 -6.2832
v  0.1635 44.4039 -6.2835
v  0.1635 44.3690 -6.6820
v  1.9841 41.6236 -8.2487
v  1.9841 41.9722 -4.2639
v  -2.0158 41.5920 -8.2459
v  -2.0158 41.9406 -4.2611
v  0.0000 39.7898 -6.0806
# 9 vertices

vn -0.3780 0.8125 -0.4438
vn -0.3780 0.8772 0.2960
vn 0.3646 0.8831 0.2955
vn 0.3646 0.8183 -0.4443
vn 0.7059 -0.1261 -0.6970
vn 0.7059 -0.0032 0.7083
vn -0.7048 -0.1372 -0.6960
vn -0.7048 -0.0143 0.7093
vn 0.0079 -0.9962 0.0872
# 9 vertex normals

o Bone007
g Bone007
usemtl wire_174186203
s 1
f 1188//659 1189//660 1190//661 1191//662 
s 2
f 1192//663 1191//662 1190//661 1193//664 
s 4
f 1194//665 1188//659 1191//662 1192//663 
s 8
f 1189//660 1195//666 1193//664 1190//661 
s 16
f 1188//659 1194//665 1195//666 1189//660 
s 32
f 1196//667 1194//665 1192//663 
s 64
f 1196//667 1192//663 1193//664 
s 128
f 1196//667 1193//664 1195//666 
s 256
f 1196//667 1195//666 1194//665 
# 5 polygons - 4 triangles

